MOSFET_0_8_L_BIASCM_PMOS,MOSFET_0_8_M_BIASCM_PMOS,MOSFET_0_8_W_BIASCM_PMOS,MOSFET_11_1_L_gm2_PMOS,MOSFET_11_1_M_gm2_PMOS,MOSFET_11_1_W_gm2_PMOS,MOSFET_12_1_L_gmf2_PMOS,MOSFET_12_1_M_gmf2_PMOS,MOSFET_12_1_W_gmf2_PMOS,MOSFET_17_7_L_BIASCM_NMOS,MOSFET_17_7_M_BIASCM_NMOS,MOSFET_17_7_W_BIASCM_NMOS,MOSFET_18_7_L_BIASCM_NMOS,MOSFET_18_7_M_BIASCM_NMOS,MOSFET_18_7_W_BIASCM_NMOS,MOSFET_22_2_L_LOAD2_NMOS,MOSFET_22_2_M_LOAD2_NMOS,MOSFET_22_2_W_LOAD2_NMOS,MOSFET_25_1_L_gm3_NMOS,MOSFET_25_1_M_gm3_NMOS,MOSFET_25_1_W_gm3_NMOS,MOSFET_59_2_L_HSBCM_PMOS,MOSFET_59_2_M_HSBCM_PMOS,MOSFET_59_2_W_HSBCM_PMOS,MOSFET_60_2_L_gma_NMOS,MOSFET_60_2_M_gma_NMOS,MOSFET_60_2_W_gma_NMOS,MOSFET_9_2_L_gm1_PMOS,MOSFET_9_2_M_gm1_PMOS,MOSFET_9_2_W_gm1_PMOS,CAPACITOR_0,CAPACITOR_1,CURRENT_0_BIAS,RESISTOR_0,gen,index,VDS0,VDS11,VDS12,VDS17,VDS18,VDS22,VDS25,VDS59,VDS60,VDS9,ft0,ft11,ft12,ft17,ft18,ft22,ft25,ft59,ft60,ft9,gm0,gm11,gm12,gm17,gm18,gm22,gm25,gm59,gm60,gm9,gmid_offset0,gmid_offset11,gmid_offset12,gmid_offset17,gmid_offset18,gmid_offset22,gmid_offset25,gmid_offset59,gmid_offset60,gmid_offset9,CMRR,FOML,FOMS,FOM_AW,PSRR,SR,chip_area,d_settle,fitness,gain,gbw,ivdd_27,noise,pm,settlingTime,tc,vos,Topo,Tech_nodes,VDD,VCM,CL,RUN
0.85,1,1.88,0.444,1,0.477,0.228,7,0.682,0.85,19,1.2,0.85,2,0.847,0.85,45,0.976,0.426,1,2.4,0.752,1,1.48,0.527,44,1.3,0.04,6,0.1,1.56,1.56,1,2.5,62,0,0.134001016731071,0.72512073535612,0.579889949345471,0.412918805679415,0.0600218153762649,0.154823637326402,0.29969723408675,0.326023804409588,0.413105159131209,0.060073102700867,159195917.470017,1343267334.76106,5919265047.46021,29414386.8069815,111800870.540825,36127340.0085784,3573889765.44441,374332902.567468,57719356.2739248,111864307.050996,5.34989817542342e-05,1.41868771383529e-05,0.000351012926001939,3.71508894254491e-05,2.10090262260458e-05,2.37050121607016e-05,0.000244335505695724,1.94745082198537e-05,3.08974410220291e-05,2.10178342477297e-05,15,15,15,15,15,15,15,15,15,15,71.6274456343657,99.2007579687169,17209.3595847033,154.88423626233,71.214135785618,23412.1175128513,60.792702522589,0.000781571624428221,1385.6,105.21911974385,4061537,3.93345743054275e-05,0.000440099835190787,45.61802,1.65734343087438e-06,5.22803659222526e-07,5.24702972624635e-05,"HoiLee_AFFC_Pin_3",22,0.9,0.3,120,1
0.85,1,1.88,0.444,1,0.477,0.228,7,0.682,0.85,19,1.2,0.85,2,0.847,0.85,45,0.976,0.393,1,2.4,0.752,1,1.48,0.527,44,1.3,0.04,8,0.1,1.56,1.56,1,2.5,72,1,0.134012434275839,0.725071743817768,0.579891007827118,0.412820656101551,0.0600217623699523,0.154872557856527,0.299695647449653,0.3260238655256,0.413105162876523,0.060073048686845,159198665.192261,1344086371.57319,5923089074.54693,29406462.9263653,111800853.427101,36165306.6765048,4031513524.71648,374333074.06202,57719405.1602771,111864288.789133,5.34995845069886e-05,1.4199606530194e-05,0.00035132843365677,3.71396011665204e-05,2.10090341937377e-05,2.373323794843e-05,0.000252348213211945,1.94745214545795e-05,3.08974700746619e-05,2.10178420623838e-05,15,15,15,15,15,15,15,15,15,15,74.5054387241871,214.605282809879,17542.3886153162,157.881497537846,75.704818012147,50688.1139377221,60.7921827211361,0.00118666964950582,1265.8,105.527218159564,4143377,3.93653822450612e-05,0.000422116736712252,42.00955,1.24760806828804e-06,5.0781956540652e-07,5.34591660463768e-05,"HoiLee_AFFC_Pin_3",22,0.9,0.3,120,1
0.85,1,1.35,0.375,1,0.335,0.303,6,0.783,0.85,43,0.301,0.85,19,0.1,0.85,1,0.485,0.85,7,2.1,0.32,1,0.71,0.85,98,0.591,0.04,7,0.882,1.56,1.56,1,2.5,83,4,0.0757099030084102,0.517403857339636,0.580700284078222,0.461291979428256,0.054254705533705,0.362457866066559,0.299168436233646,0.294217405502633,0.517600359074058,0.0542702420280984,84785835.2619368,2070228621.08122,3340159035.84097,37074257.2240557,68998214.1028438,590016814.847489,457076333.442833,1926328202.36629,32367847.8085144,69011627.1653823,5.16198216439398e-05,1.40646174301332e-05,0.000253232940824203,3.17509784435394e-05,2.24283321339344e-05,1.34672229206103e-05,0.000274472886575868,1.9570808921599e-05,2.71088183763154e-05,2.24315077370169e-05,15,15,15,15,15,15,15,15,15,15,89.920538486748,2283.96485978565,18132.0196501269,163.188176851142,75.5045232211306,466428.903697488,60.0787265926967,0.00401599316009919,1201.4,107.020076801494,3702902,3.40364915349634e-05,0.000484874442719468,42.38421,1.5721078362175e-06,2.40475189086514e-06,0.000517926774522004,"HoiLee_AFFC_Pin_3",22,0.9,0.3,120,1
0.85,1,1.64,0.372,1,0.499,0.25,11,0.697,0.85,39,0.113,0.85,13,0.1,0.85,99,1.24,0.85,17,1.54,0.85,1,2.4,0.85,68,1.37,0.04,10,0.253,1.56,1.56,1,2.5,82,10,0.0895140683445988,0.760347912345496,0.579848829450125,0.476695044527934,0.0576284614934322,0.11959743457111,0.300039515723526,0.302662362340651,0.498971915777122,0.0576416071238512,113925920.146015,1737355870.02559,4127168748.14369,70646472.0355916,87284377.3342018,14089908.4676262,401429330.373343,233544524.540733,22440379.4021067,87298037.3348307,5.13816119528167e-05,1.52977326482424e-05,0.000397706930528581,3.21851364396337e-05,2.1609461859629e-05,2.39062470231085e-05,0.000402492659761304,1.98872401875672e-05,2.8473352587164e-05,2.16118976871411e-05,15,15,15,15,15,15,15,15,15,15,87.1313807756152,932.167585743276,20782.8560903511,187.04570481316,84.2217350543517,223026.731995892,61.95555203531,0.000840975143213004,1099.4,105.718753372703,4972424,3.98760078850805e-05,0.000409676419177454,44.86855,9.68694411920734e-07,7.3431317494127e-07,4.72031580983079e-05,"HoiLee_AFFC_Pin_3",22,0.9,0.3,120,1
0.85,1,1.47,0.372,1,0.504,0.237,10,0.793,0.85,37,0.1,0.85,2,0.1,0.85,98,1.34,0.85,16,1.33,0.85,1,2.26,0.85,115,0.972,0.04,7,0.207,1.56,1.56,1,2.5,79,20,0.199191567050836,0.761537246417261,0.579769833669278,0.367780120310837,0.0862775454209749,0.118408382409473,0.300105598400224,0.308512602930146,0.37219236763724,0.0862843580252495,418829595.079801,1725927960.822,4622631093.70122,73438724.1478767,266430834.343706,13186683.934792,468024420.900818,245764180.955671,20364311.2388778,266446121.141667,3.86390263524876e-05,1.52892763460105e-05,0.000438677183181972,3.26775242722851e-05,1.52631821942054e-05,2.38499395845179e-05,0.000411520531338476,2.02519598188157e-05,2.9915800426964e-05,1.52638183107094e-05,15,15,15,15,15,15,15,15,15,15,69.9250849256431,470.522495130669,19252.4457371685,173.272011634517,57.1214141593525,121844.981575115,62.1953681394362,0.00120841780495876,1072.4,106.286368227071,4985551,4.31594602582098e-05,0.000410434114731026,41.57144,9.66676723592459e-07,9.36349628285482e-07,7.07535240778157e-05,"HoiLee_AFFC_Pin_3",22,0.9,0.3,120,1
0.85,62,1,0.28,1,0.461,0.245,15,0.99,0.85,13,0.95,0.85,17,0.99,0.85,102,0.785,0.85,486,0.63,0.385,1,0.513,0.181,17,0.965,0.369,156,0.531,1.56,1.56,6.6,2.5,26,12,0.0507462031358767,0.676285604275719,0.580293421513584,0.383031667803021,0.0565224263275763,0.203333562722999,0.299260777250035,0.5072510253585,0.292731577472684,0.056602169202073,84315993.8066129,7076650618.90067,9358833810.12381,130855620.258748,90507297.2727352,99836045.3135584,364722560.53291,4167038092.13764,1594269737.85352,90588247.8023579,0.000278745864338573,6.07972143910857e-05,0.00227443059338447,0.000138347577881423,0.000147227706121862,0.000154044591255299,0.00417030380625193,5.66637814366922e-05,0.000176830833663269,0.000147328445131311,15,15,15,15,15,15,15,15,15,15,76.3023118458577,1478.82601001817,6820.35489415065,61.3831940473559,31.1496834375984,3087300.63088124,66.7870265695367,0.00353360577526563,1049,105.959497502693,14238650,0.00034794499262327,0.000356486876754323,57.42707,3.10461457981377e-07,3.40373148370848e-06,0.000442528054530877,"HoiLee_AFFC_Pin_3",22,0.9,0.3,120,2
0.809,1,2.4,0.318,1,0.504,0.237,9,0.924,0.85,37,0.1,0.85,1,0.1,0.85,1,0.843,0.85,7,2.4,0.349,1,0.971,0.85,142,0.543,0.04,7,0.207,1.56,1.56,1,2.5,80,28,0.188556699414589,0.230382881547317,0.420072003171736,0.0608535543972634,0.0798629303444409,0.489526945238767,0.299790995737016,0.449116757985432,0.0661470310075229,0.0798632096190095,829908516.651791,2770031877.25931,5946441725.44241,84006029.7315567,527604213.340474,587337588.550441,720287325.006128,1909144560.21381,42229527.1843341,527605604.690755,4.1892247670559e-05,2.25966380059654e-05,0.00062708273922258,4.45966661159888e-05,1.69817282187902e-05,2.09168476372128e-05,0.000549493806458071,2.91311777320756e-05,4.2815973679379e-05,1.69817604633523e-05,15,15,15,15,15,15,15,15,15,15,72.4780644390305,447.970448372443,15302.5345273822,137.72281074644,54.0485537496324,107491.646103941,59.8793866201049,0.00179538086566935,1035.2,104.526587584809,3671882,3.99920896919567e-05,0.00047640728016192,51.98423,1.0019271417748e-06,1.17482674285851e-06,0.000193257942021574,"HoiLee_AFFC_Pin_3",22,0.9,0.3,120,1
0.85,62,1.01,0.28,1,0.461,0.321,15,0.99,0.85,14,0.95,0.85,28,0.99,0.85,157,0.785,0.85,487,0.63,0.458,1,0.611,0.181,19,0.965,0.24,272,0.972,1.56,1.56,6.6,2.5,28,24,0.0402214430197627,0.69458113421703,0.580551187197641,0.3937950709454,0.0533761331640591,0.185038858515507,0.299143824900711,0.50875963582011,0.306893817492517,0.0535006775430473,56016958.1716399,7084054031.57903,5077836047.83326,109154179.073745,67407889.3050716,73570209.8384718,298747682.79259,2840427444.3827,1414413346.23524,67501735.9705085,0.000265159731950519,6.08287772100442e-05,0.0015682695406063,0.000114232864402575,0.000154339608981231,0.00015772036268101,0.00308721368730247,5.3834941444367e-05,0.000169549918722112,0.000154512249642583,15,15,15,15,15,15,15,15,15,15,82.6434523053662,1805.98752799423,7519.24805504846,67.6732324954362,30.7721306592928,2832278.1867883,68.3876245822298,0.00414934195657067,971.600000000004,108.443257878105,11792220,0.000261378529556614,0.000389872783769836,41.3538,3.34594614141445e-07,4.5994999512261e-06,0.000486907245200896,"HoiLee_AFFC_Pin_3",22,0.9,0.3,120,2
0.85,62,1,0.28,1,0.461,0.245,15,1.31,0.85,13,0.95,0.85,17,0.99,0.85,102,0.785,0.85,486,0.63,0.385,1,0.513,0.181,17,0.965,0.369,156,0.531,1.56,1.56,6.6,2.5,28,26,0.0507455176048064,0.676385136811653,0.580295719308904,0.383284647920475,0.0565224162003422,0.203234906282052,0.299255090396899,0.507250743975844,0.292731867004582,0.0566021590607923,84315134.761484,7069494466.85902,9324836529.86162,130855621.364723,90507192.6499865,99681110.0133744,420836597.201084,4167034370.69175,1594267305.01068,90588143.0590041,0.000278743364994352,6.07160783352252e-05,0.00299518278729901,0.000138346006723751,0.000147227427467412,0.000153714457855089,0.0051582653848398,5.66637165002035e-05,0.0001768304846651,0.000147328166270768,15,15,15,15,15,15,15,15,15,15,77.5888503930759,1318.46263203289,5235.81873973351,47.1223686576016,31.0961698935849,3489546.98118611,66.7958300944004,0.00352442184844561,959.600000000003,105.440825873695,13857530,0.000441113118719401,0.000356204773738295,67.8244,3.03295095884176e-07,3.38990804626849e-06,0.00044139222064371,"HoiLee_AFFC_Pin_3",22,0.9,0.3,120,2
0.85,62,1,0.28,1,0.461,0.245,15,0.99,0.85,13,0.95,0.85,17,0.99,0.85,102,0.785,0.85,486,0.637,0.385,1,0.513,0.181,17,0.965,0.369,548,0.531,1.56,1.56,6.6,2.5,30,31,0.0508097746038047,0.676284533606844,0.580279953419486,0.382965317317666,0.0565224764133873,0.203334623955611,0.299274245851754,0.507251989568504,0.292730567600873,0.0566022049226274,84387995.8539245,7076727633.50411,9358918090.17242,130723489.873319,90507668.4268008,99837712.7045031,362743092.498326,4167050844.35374,1594278071.42725,90588604.7216919,0.00027893294075338,6.07980876767839e-05,0.00227445959765669,0.000138142760434179,0.000147228672031969,0.000154048145786023,0.00418037901756633,5.66640039535423e-05,0.000176832029740943,0.000147329393511753,15,15,15,15,15,15,15,15,15,15,83.1506360839877,1623.6141895943,6889.8234383824,62.0084109454416,32.3092401921461,3390527.93284324,67.9486187791923,0.003474349618301,958.600000000003,107.114124823227,14387740,0.000348043268178388,0.000399011264507382,51.64205,1.87339924488501e-07,3.15657552216159e-06,0.000428040668290386,"HoiLee_AFFC_Pin_3",22,0.9,0.3,120,2
0.85,62,1.01,0.28,1,0.461,0.293,15,0.99,0.85,14,0.95,0.85,17,0.99,0.85,157,0.785,0.85,487,0.553,0.458,1,0.611,0.181,17,0.965,0.24,272,0.972,1.56,1.56,5.2,2.5,32,36,0.051040702933948,0.704594279339259,0.580496323825942,0.407999540808172,0.0549012547564324,0.175106314698629,0.299231885724644,0.485540841528496,0.316082526604024,0.0549948734880428,75471083.2784836,6368615655.75299,5597461986.6637,109854224.317684,79031729.1963825,61409420.4508926,298383445.518972,2628199097.71812,1344077998.89763,79114751.1254955,0.000229686384568964,5.28143225500629e-05,0.00153667248117184,0.000115356492999098,0.000119090542676082,0.000125471169498498,0.00274743436600994,4.86771590293241e-05,0.000142216018121425,0.000119188437459252,15,15,15,15,15,15,15,15,15,15,75.8466126397268,2243.66861035089,8941.96277549852,80.4776649794866,38.6574665125802,3078651.33337683,67.6689226011468,0.00375004402521386,954.600000000003,109.603360050893,12269720,0.000228691774353682,0.000356609245347323,41.03994,3.40079269031764e-07,3.78306232368647e-06,0.000437852485858481,"HoiLee_AFFC_Pin_3",22,0.9,0.3,120,2
0.85,35,1.05,0.28,1,0.461,0.245,15,0.999,0.85,10,0.95,0.85,17,0.99,0.85,102,0.785,0.85,486,0.597,0.366,1,0.513,0.218,17,0.978,0.369,548,0.43,1.56,1.56,6.6,2.5,33,57,0.0454304171287381,0.676439070476818,0.580295563837906,0.388693974471022,0.0565078092047615,0.203181442320789,0.299256429364263,0.48800551408598,0.327977537053093,0.0565953816915905,77890741.5011202,7065653438.96747,9343047105.31092,141787884.768447,90320160.2212005,99597206.947994,375496573.849137,4379857201.71637,1262617666.86201,90408832.70132,0.000261332890521167,6.06725350737745e-05,0.00228995788392364,0.000119790577551746,0.000146724224603406,0.000153535807886332,0.00413918943072611,5.58260561072135e-05,0.000161305569289262,0.0001468344559126,15,15,15,15,15,15,15,15,15,15,59.4477082144015,1577.83513337536,6566.04029251362,59.0943626326226,42.6490593503913,3295160.85382335,66.1234480120328,0.00405841131225311,925.600000000002,106.74027522152,13712560,0.00034806771887654,0.000406432306996074,62.10688,2.48126834315775e-07,3.18013630192154e-06,0.000485118586243172,"HoiLee_AFFC_Pin_3",22,0.9,0.3,120,2
0.85,62,1,0.28,1,0.461,0.245,15,0.99,0.85,13,0.95,0.85,17,0.99,0.85,102,0.785,0.85,486,0.63,0.385,1,0.513,0.181,17,0.965,0.369,156,0.531,1.56,1.56,6.6,2.5,31,38,0.0507462031358767,0.676285604275719,0.580293421513584,0.383031667803021,0.0565224263275763,0.203333562722999,0.299260777250035,0.5072510253585,0.292731577472684,0.056602169202073,84315993.8066129,7076650618.90067,9358833810.12381,130855620.258748,90507297.2727352,99836045.3135584,364722560.53291,4167038092.13764,1594269737.85352,90588247.8023579,0.000278745864338573,6.07972143910857e-05,0.00227443059338447,0.000138347577881423,0.000147227706121862,0.000154044591255299,0.00417030380625193,5.66637814366922e-05,0.000176830833663269,0.000147328445131311,15,15,15,15,15,15,15,15,15,15,76.3023118458577,1478.82990758185,6820.35489415065,61.3831940473559,31.1496834375984,3087308.76770783,66.7870265695367,0.00353269294137769,923.400000000003,105.959497502693,14238650,0.00034794499262327,0.000356486876754323,57.42707,3.40279289825143e-07,3.40373148370848e-06,0.000442528054530877,"HoiLee_AFFC_Pin_3",22,0.9,0.3,120,2
0.85,62,1,0.28,1,0.461,0.252,15,0.99,0.85,13,0.95,0.678,17,0.99,0.85,102,0.785,0.684,486,0.63,0.385,1,0.513,0.181,17,0.901,0.369,156,0.531,1.56,1.56,6.6,2.5,32,47,0.0447882295630024,0.676195333179144,0.580382394238212,0.388764735606015,0.054919301125373,0.20342303823339,0.299188378613018,0.503379442579531,0.306246676176098,0.0549881080033417,106280141.506729,7083139042.28638,8788675217.40233,122456741.012102,121503057.161313,99976685.6716572,486879534.37539,4115705738.27049,1642555112.94555,121596584.180944,0.00027066778438208,6.08707957146273e-05,0.00218981857188962,0.000125321174046998,0.000150673530547797,0.000154344533270797,0.00424090809296758,5.57690197978294e-05,0.000171094082436627,0.000150764924272962,15,15,15,15,15,15,15,15,15,15,63.5507015957841,1457.17416118642,6518.08586668124,58.6627728001312,31.2961130311377,2942008.84063544,66.250492918921,0.00389955297645872,868.000000000002,105.939925473808,13159900,0.000336497050135275,0.000357997442023892,59.23199,4.38653149817013e-07,4.2708356452803e-06,0.000474697262608681,"HoiLee_AFFC_Pin_3",22,0.9,0.3,120,2
0.85,62,1,0.28,1,0.461,0.245,15,1.31,0.85,13,0.95,0.85,17,0.99,0.85,102,0.785,0.85,486,0.63,0.385,1,0.513,0.181,17,0.965,0.369,156,0.531,1.56,1.56,6.6,2.5,32,54,0.0507455176048064,0.676385136811653,0.580295719308904,0.383284647920475,0.0565224162003422,0.203234906282052,0.299255090396899,0.507250743975844,0.292731867004582,0.0566021590607923,84315134.761484,7069494466.85902,9324836529.86162,130855621.364723,90507192.6499865,99681110.0133744,420836597.201084,4167034370.69175,1594267305.01068,90588143.0590041,0.000278743364994352,6.07160783352252e-05,0.00299518278729901,0.000138346006723751,0.000147227427467412,0.000153714457855089,0.0051582653848398,5.66637165002035e-05,0.0001768304846651,0.000147328166270768,15,15,15,15,15,15,15,15,15,15,77.5888503930759,1318.46230139134,5235.81873973351,47.1223686576016,31.0961698935849,3489546.10608416,66.7958300944004,0.00352442176505668,841.200000000003,105.440825873695,13857530,0.000441113118719401,0.000356204773738295,67.8244,2.98095227677393e-07,3.38990804626849e-06,0.00044139222064371,"HoiLee_AFFC_Pin_3",22,0.9,0.3,120,2
0.85,62,1.01,0.28,1,0.461,0.321,15,0.99,0.85,14,0.95,0.85,28,0.99,0.85,157,0.785,0.85,487,0.63,0.458,1,0.611,0.181,17,0.965,0.24,272,0.972,1.56,1.56,6.6,2.5,23,7,0.0402294697164626,0.694581136225836,0.580577770110888,0.393802187249662,0.0533764013994371,0.185038856524822,0.299117241185137,0.505957839616678,0.313077587528621,0.0535014527733139,56024534.239043,7084053883.09843,5077850625.31473,109167566.909193,67407689.9500361,73570207.2525529,298747713.990263,2815071205.47078,1514408897.53121,67501916.8511985,0.000265188609295625,6.08287755275101e-05,0.00156827338601187,0.000114252694314902,0.00015433856022838,0.00015772035552627,0.00308721955819049,5.32153590848702e-05,0.00016512908188846,0.000154511899525206,15,15,15,15,15,15,15,15,15,15,80.9666745436552,1816.9510478214,7644.15819530656,68.797423757759,31.9064038904187,2846340.85594376,68.3825163035114,0.00428736086340806,-0.561280499999995,108.310517885213,11974940,0.000261091317361636,0.000395093222747114,39.77322,3.3089045662822e-07,4.93947979547049e-06,0.000492433543123005,"HoiLee_AFFC_Pin_3",22,0.9,0.3,120,2
0.85,62,1.01,0.28,1,0.461,0.293,15,0.99,0.85,14,0.95,0.85,17,0.99,0.85,157,0.785,0.85,487,0.63,0.458,1,0.611,0.181,17,0.965,0.24,272,0.972,1.56,1.56,6.6,2.5,20,3,0.0524675798433325,0.694623059416947,0.580385295397602,0.381659725956606,0.0565227568010592,0.184997311596698,0.299269142509805,0.515599598318165,0.284560517004364,0.0566020748656156,86231820.9794302,7080953241.50367,6235483815.02375,127329169.204538,90510186.8552335,73516252.9589583,318995420.916421,2902009219.65132,1592367559.04326,90590709.2412535,0.000283678397338933,6.07936418392848e-05,0.00177409410131207,0.000143147492533519,0.000147235321265469,0.00015757110222982,0.0034126619494537,5.5343311647673e-05,0.000176769508413479,0.00014733552907679,15,15,15,15,15,15,15,15,15,15,80.0679017425037,1823.7055884419,8408.85669745201,75.6797102770681,30.7331015031534,3162863.40903741,67.9040296006062,0.00352795212245273,-6.18443099999999,108.855018569528,14583530,0.00028905098764138,0.000341085091941086,37.50124,2.82073687652536e-07,3.29860492230522e-06,0.000420241830204393,"HoiLee_AFFC_Pin_3",22,0.9,0.3,120,2
0.85,62,1.03,0.28,1,0.461,0.293,15,0.99,0.85,14,0.95,0.85,17,0.99,0.85,157,0.785,0.85,487,0.63,0.471,1,0.611,0.181,17,0.976,0.24,272,0.972,1.56,1.56,6.6,2.5,28,36,0.0524609016020696,0.694620046419948,0.580360495147717,0.381644734840953,0.056523066866095,0.185000297542949,0.299293918781644,0.52065280824778,0.279464747000024,0.0566022711478831,86227798.3211216,7081175040.50196,6235664250.30522,127321159.887024,90514025.4468463,73520129.9342031,319007431.638215,2769860756.27435,1578533474.62765,90594436.4570981,0.000283678723652192,6.07961549923846e-05,0.00177416448051485,0.000143134497035472,0.000147245643901981,0.000157581825216525,0.00341285205146138,5.44615249158622e-05,0.000176947927741167,0.000147345715265695,15,15,15,15,15,15,15,15,15,15,73.269804702138,1813.49000491969,8395.50075743343,75.5595068169009,29.1735083424635,3144898.76331075,67.9667037305768,0.00340471829468469,-6.5320695,108.916192668748,14559220,0.000289028223184686,0.000339645804589636,37.36078,2.78943674323211e-07,3.24662528708802e-06,0.000415054286213523,"HoiLee_AFFC_Pin_3",22,0.9,0.3,120,2
0.85,1,1.28,0.36,1,0.504,0.188,7,0.551,0.85,8,0.697,0.85,19,0.163,0.85,24,1,0.85,2,1.86,0.32,1,0.71,0.85,314,1.24,0.04,7,0.168,1.56,1.56,1,2.5,51,2,0.0424148094651213,0.699562525971798,0.580287327599363,0.526166601214925,0.0538130463196369,0.180381144454895,0.299448192857415,0.302878349560185,0.466009249993041,0.0538446876027426,62390394.2527501,1828747321.02307,7797707316.84311,53896121.6579841,73074999.3018062,59886112.324623,932327312.933115,2081699372.07603,6371499.14407173,73101525.4932868,4.03339735960735e-05,1.56841837445859e-05,0.000302484909715859,1.89811247352419e-05,2.28863502606302e-05,2.34929538636709e-05,0.00018991500920565,2.19148108018467e-05,3.17658574821358e-05,2.28928551956938e-05,15,15,15,15,15,15,15,15,15,15,94.4079841755584,487.879811893997,6726.19619522639,60.5357657570375,75.3829015076254,94839.0815098153,64.5392701074315,0.00204200917119793,1237,93.8988056491582,1307507,3.23983759926585e-05,0.000469508271474103,44.24912,1.83734890188833e-06,7.10304380624471e-07,0.000361225805822207,"HoiLee_AFFC_Pin_3",22,0.9,0.3,120,1
0.85,28,1.07,0.359,4,1.6,0.144,9,0.734,0.85,1,2.22,0.726,1,0.954,0.834,1,1.1,0.85,1,2.4,0.106,1,1.15,0.145,9,1.03,0.04,568,0.1,1.56,1.56,1.13,2.5,100,31,0.0754481335756982,0.540893963966109,0.580365458310391,0.607206679614177,0.0659427074360144,0.339072813316361,0.299541497003555,0.19442211798276,0.490852963025651,0.0659669585576225,220680082.409847,467032659.349702,3683384573.87929,144241974.034953,201528995.819756,432716876.684908,645973882.489471,5780709055.92148,792406822.272639,201581232.540592,4.72635391117473e-05,2.7789732124203e-05,0.000131801746008018,2.86336487767348e-05,2.2175717722944e-05,1.82934004094275e-05,7.3688455136545e-05,3.21150189387821e-05,3.53129658542442e-05,2.21798354362912e-05,15,15,15,15,15,15,15,15,15,15,67.2166076473788,9321.82701165791,10183.9961612909,91.6559654516176,63.4131782323196,1172592.73226549,60.283206550415,0.00312170831218534,1076.8,92.8850685613177,1281045,2.09650020108548e-05,0.000330390236163056,49.28493,1.38670102498022e-06,2.63195321247689e-06,0.000699948888425783,"HoiLee_AFFC_Pin_3",22,0.9,0.3,120,2
0.85,3,1.15,0.279,1,0.487,0.181,6,0.777,0.85,11,1,0.85,12,0.501,0.85,1,0.84,0.519,4,0.512,0.476,1,0.949,0.647,332,0.965,0.04,3,0.179,1.56,1.56,1,2.5,64,6,0.0549212124901196,0.538264522818574,0.579432422148191,0.530242735657712,0.0521232001352116,0.341643306442082,0.300178536949375,0.318431877018128,0.43239097276554,0.0522296012204991,52114814.1515297,2750317797.45423,7366479594.70777,40429827.3154632,50595279.9660021,448800898.293443,2567166737.9404,997149523.597067,9801801.31513493,50654824.723731,4.85205160601743e-05,1.73367004216489e-05,0.000315317670503888,2.62681319399859e-05,2.36757604938795e-05,1.53718388669273e-05,0.000184463637961575,2.09674761429177e-05,3.24220901528268e-05,2.36987898216454e-05,15,15,15,15,15,15,15,15,15,15,80.1867419899197,83.8815108281192,10498.9026574331,94.4901239168978,54.2966431088675,16218.0201028431,62.7801731042532,0.00236872135341643,1147.2,99.758036041953,2029904,3.22240661116911e-05,0.000452209506668514,45.37236,1.50156588921516e-06,2.89319950658534e-06,0.000147841631104706,"HoiLee_AFFC_Pin_3",22,0.9,0.3,120,1
0.794,1,1.48,0.533,1,0.342,0.215,7,0.575,0.85,1,1.36,0.85,1,0.627,0.85,69,0.954,0.85,3,2.4,0.703,1,1.29,0.85,284,1.22,0.04,4,0.742,1.56,1.56,1,2.5,66,52,0.0598610150372968,0.373853754231904,0.420034231862684,0.132304465512098,0.0529534570998837,0.346074005427356,0.299524597986878,0.479545298922342,0.0792538462597899,0.0529613820123217,263414877.951567,1388817934.51978,11780814565.6658,229486734.613246,241288977.110412,42816017.1155581,1377947551.61299,538151416.164991,11966899.7729575,241315930.1889,5.10993091613074e-05,1.53586116387906e-05,0.000662397353887868,3.22285783162156e-05,2.41031176977093e-05,3.66308666976361e-05,0.000553542761065219,2.50897865055976e-05,4.78970883103974e-05,2.41049529492711e-05,15,15,15,15,15,15,15,15,15,15,82.3983808021288,710.225282372853,6861.34559735215,61.7521103761694,52.6479249539953,233290.991357941,64.2576271815261,0.00464617227642839,918.200000000003,100.046520579903,2253778,5.47457727259249e-05,0.000323051503623842,50.33875,1.21070241952601e-06,4.76424276603271e-06,0.000388901964399113,"HoiLee_AFFC_Pin_3",22,0.9,0.3,120,1
0.547,5,1.11,0.28,2,0.72,0.214,22,1.09,0.85,11,1.29,0.792,31,0.986,0.85,1,0.946,0.85,485,0.282,0.333,1,0.856,0.285,15,0.965,0.04,444,0.574,1.56,1.56,9.53,2.5,100,23,0.0365874831923923,0.338787696949664,0.579723951395691,0.461870516645898,0.054462423741709,0.540726235285495,0.299953105508842,0.41712852181619,0.432969415638477,0.0545617438860131,65938253.5127315,4869112089.50946,9305727887.36488,119737604.194083,86675554.7847925,1352776379.41613,539056089.996301,4027763025.15919,1071038314.28053,86772003.3135163,0.00034889796563789,0.000116920418484529,0.00293699163997416,0.000137552537301308,0.000218115875117035,7.57951903593859e-05,0.00354249266743085,7.12100271404399e-05,0.000151535805433544,0.000218307547904021,15,15,15,15,15,15,15,15,15,15,90.8015406398075,2376.0349529746,8625.59296771667,77.63033670945,45.7050750415148,5417248.96576243,61.8745678772789,0.00110916939761296,1088.2,99.3489750434306,19665950,0.000379992233067425,0.00049551244893661,45.93049,1.47015352520622e-07,1.5855443992685e-06,0.000244742818367782,"HoiLee_AFFC_Pin_3",22,0.9,0.3,120,2
0.547,5,1.11,0.28,2,0.671,0.214,22,1.16,0.85,11,1.15,0.85,31,0.984,0.85,1,0.946,0.85,485,0.123,0.345,1,0.856,0.253,15,0.965,0.04,444,0.574,1.56,1.56,9.53,2.5,100,27,0.0370672775696936,0.339415511866488,0.579539477886331,0.455982071856827,0.0549302924879804,0.540100057179791,0.300024589131033,0.430709720675853,0.414619506537094,0.0550332673703308,60315734.6314864,5022048113.77443,9578742777.51579,128946781.316064,79209094.0607975,1349549142.54134,875760647.715562,3966955549.399,1269975483.57421,79300609.191056,0.000347436524958947,0.00011376301162925,0.00324978926606008,0.000137091480421794,0.000216649775974198,7.55713037871518e-05,0.00325200966086122,7.39424853978625e-05,0.000166464530949117,0.000216845558820435,15,15,15,15,15,15,15,15,15,15,92.2037477393471,1979.64845410508,6658.67444954166,59.9280700458749,45.7448179375391,5039235.03471707,61.3611323233201,0.00110704171596858,1081.6,99.1798637801783,16949790,0.000424253358743864,0.000493127364598584,63.64209,1.21006737827607e-07,1.27743073446707e-06,0.000189989052830297,"HoiLee_AFFC_Pin_3",22,0.9,0.3,120,2
0.547,5,1.11,0.28,2,0.671,0.214,27,1.16,0.85,11,1.04,0.85,31,1,0.652,1,0.874,0.85,816,0.123,0.345,1,0.856,0.349,15,0.965,0.04,433,0.698,1.56,1.56,10.9,2.5,74,35,0.0369006335870706,0.349073825428743,0.579966445473207,0.444516167061473,0.0556970109511798,0.530369366939174,0.299579960526879,0.426859964490364,0.425967054165695,0.0557932972437461,63470713.7705744,5357413854.91286,10191562719.742,145488841.649031,84820537.4315159,2236385768.2329,795304287.755881,3897475146.75095,901516661.308758,84912199.1253262,0.000387534124889962,0.000124072448600872,0.00433530923281657,0.000148877090025191,0.000244695291140149,8.89674511079341e-05,0.00482682561508839,7.22278346616174e-05,0.000155344865075926,0.000244899786458662,15,15,15,15,15,15,15,15,15,15,85.6663970330042,1903.65712505656,7003.7144621947,63.0334301597523,43.9737235394611,6408339.69195134,61.6675639700483,0.00197373344884003,1064.6,99.1062008805193,23576820,0.000561055140270332,0.000581407005823375,44.25456,1.48648422774254e-07,2.39266922386433e-06,0.000440985320257603,"HoiLee_AFFC_Pin_3",22,0.9,0.3,120,2
0.547,5,1.11,0.28,2,0.671,0.214,27,1.16,0.85,11,1.15,0.85,31,1,0.652,1,0.946,0.85,817,0.123,0.345,1,0.856,0.329,15,0.965,0.04,444,0.574,1.56,1.56,10.9,2.5,100,54,0.0375622698045714,0.356691164570769,0.579866567481283,0.444003330949201,0.0556969562648425,0.522753614078614,0.299680954950765,0.430217786808138,0.421265127128693,0.0557928670558675,64344316.4299488,5362179590.30851,10181331040.272,139759888.156065,84820789.5962308,2147801880.13915,793905658.81886,3958080319.6025,980040449.436564,84912094.7169049,0.000391968476712769,0.000124100685949373,0.00432950547641759,0.000154559310542982,0.000244696657258122,9.1552557056497e-05,0.00482152752395139,7.37231233738207e-05,0.000161205415801373,0.000244900357759189,15,15,15,15,15,15,15,15,15,15,86.9600849717057,1764.40718049118,7183.64954837455,64.652845935371,46.4856426783979,5857051.64520318,61.6921157361295,0.00149704436250787,1046.6,99.602059062401,23846540,0.000553259635867486,0.000574271373031477,43.07568,1.33467261027536e-07,1.96505375430644e-06,0.00034740389779947,"HoiLee_AFFC_Pin_3",22,0.9,0.3,120,2
0.547,20,1.05,0.28,2,0.671,0.214,22,1.16,0.85,13,1.36,0.85,31,0.99,0.85,1,0.946,0.85,485,0.123,0.346,1,0.854,0.233,15,0.965,0.04,374,0.723,1.56,1.56,9.53,2.5,70,50,0.0413096837021331,0.338157178498603,0.580348710664639,0.451302899493493,0.0549357300260447,0.541353632503142,0.299210989217448,0.437779153647645,0.404510666881654,0.0550258439640105,65574146.2079993,5044037377.25487,9624471597.60966,116289884.42877,79478822.2146422,1356009853.35913,879994879.699054,4068013745.96944,1432133683.0353,79559271.0809146,0.000375573045044786,0.000114463695861117,0.00327053695264591,0.000164276983344584,0.000219116263736586,7.6019572170822e-05,0.0032738056655682,7.66275066555883e-05,0.000177803295269379,0.000219289661994735,15,15,15,15,15,15,15,15,15,15,84.1886112232754,2118.45427178112,7829.83214616529,70.4684893154876,47.2477640972549,5447238.99118504,62.1650864070822,0.00341813058386606,1027,99.0667260581546,20133060,0.000428554525481543,0.000501868800859493,45.13538,1.44714519246756e-07,3.69100724589538e-06,0.000509109801578977,"HoiLee_AFFC_Pin_3",22,0.9,0.3,120,2
0.547,20,1.05,0.28,2,0.671,0.214,22,1.16,0.85,13,1.36,0.85,31,0.99,0.85,1,0.946,0.85,485,0.123,0.345,1,1,0.233,15,0.965,0.04,374,0.574,1.56,1.56,9.53,2.5,57,34,0.0413614448502483,0.338157386359374,0.58064415366715,0.451384429680736,0.0549357720802812,0.541353425347266,0.29891552482985,0.421817004728794,0.420460949969901,0.0550258855314019,65633752.3261971,5044034806.48348,9624936425.01998,116450664.193476,79478822.4325868,1356008785.73089,879904946.906205,3804425079.10956,1434842730.65945,79559270.7445224,0.00037585330337541,0.000114463612897813,0.0032706745844395,0.000164601666260319,0.000219116175134835,7.60194980741439e-05,0.0032738247589208,8.16915704313857e-05,0.000177983544675234,0.000219289572116785,15,15,15,15,15,15,15,15,15,15,81.5222557986777,2159.08990979546,7884.00294266938,70.9560264840244,44.7057798168245,5551904.28765407,62.1300162562348,0.00483205356026125,1011.6,99.1343439621,20273000,0.000428568248629968,0.0004973649205703,45.38836,2.99103191882486e-07,4.64688204600799e-06,0.000701741407629686,"HoiLee_AFFC_Pin_3",22,0.9,0.3,120,2
0.85,470,0.143,0.85,739,0.1,0.0983,913,0.567,0.825,241,0.267,0.663,152,0.33,0.444,522,0.1,0.578,953,0.69,0.638,967,0.1,0.11,913,0.278,0.768,1000,1.03,1.56,1.56,18.6,2.5,61,0,0.0592668299456162,0.727571383008625,0.579877825129417,0.579956974986219,0.0535938661156789,0.152414589976777,0.299892869514451,0.227013877324569,0.450727424377557,0.0536258372961307,111185015.772212,156668615.141941,17040424861.1005,93437786.3519627,104582396.658832,396957045.362033,1408285477.54996,239984901.890698,570826602.064659,104621674.893184,0.000903480693402541,0.000380906924637458,0.0468530793686083,0.000489518590878651,0.000431160296989575,0.000409319118945809,0.0309546474561708,0.000547435951960173,0.000608903334282089,0.000431284950273881,-6,1,-15,14,-1,12,15,-12,15,1,73.0624220881469,1217.8313961704,1463.25342509756,13.1692808258781,73.926965610619,25393279.4508654,82.2225266231828,0.00159612565235675,1381.6,95.362708989682,30510630,0.0034752045768565,0.00234386423065145,44.81171,9.1680193059119e-08,3.09830798841393e-07,3.62492299996742e-05,"HoiLee_AFFC_Pin_3",22,0.9,0.3,120,3
0.85,470,0.1,0.85,739,0.1,0.102,1000,0.447,0.825,241,0.267,0.568,152,0.33,0.444,877,0.1,0.757,953,0.69,0.638,838,0.1,0.04,913,0.278,0.624,1000,0.821,1.56,1.56,20,2.5,68,1,0.0541653683191141,0.747079228679954,0.579728706519141,0.582276900869442,0.0528250251855383,0.132909568028579,0.300062409279989,0.237989595157226,0.304164498193968,0.0528468967387777,134702318.624395,161574757.794975,16192706852.6192,93807223.591342,132634031.208893,287217579.761779,873796628.267542,274928050.827051,713268292.461564,132668220.3013,0.000946872486542039,0.000399383080880319,0.0396981821515542,0.000492130765996203,0.00046777008956591,0.000447590638543606,0.0253360935526739,0.000581252250081712,0.000577497222772443,0.000467864143266154,-6,1,-7,15,-1,12,15,-12,15,1,63.9819622204168,937.046510425191,1731.97183069763,15.5877464762787,68.0716871284941,15992149.0410553,78.2574539261277,0.00223713740685112,1110.4,95.387251079803,29558780,0.00284442462978683,0.00232025511182105,44.10255,9.1198711889944e-08,1.39860173831496e-06,4.07443663715257e-05,"HoiLee_AFFC_Pin_3",22,0.9,0.3,120,3
0.85,653,0.108,0.828,682,0.1,0.1,593,1.04,0.452,410,0.1,0.713,326,0.137,0.272,1,2.4,0.507,921,0.744,0.638,922,0.1,0.159,913,0.1,0.316,1000,1.34,1.56,1.56,19.9,2.5,100,8,0.0785504143261727,0.466798582427892,0.579885690184888,0.552702185073141,0.0532092282633463,0.412957188585201,0.299816437587024,0.231834097796423,0.503360774903821,0.0532242652914156,124105830.521237,179404441.281072,18304658282.8693,243662766.566607,99756228.0083743,6350276958.38696,1968641235.63317,255080645.219096,1001864197.06411,99774488.0909856,0.00107308037076312,0.000413431934241614,0.0621959132679371,0.000648746648687787,0.000457547302235045,0.000259099723324572,0.0409904281540599,0.0005715579654771,0.000641066802823106,0.000457611121621319,0,8,-15,15,4,7,15,15,15,3,88.574886565349,1033.79497860302,1187.61970153381,10.6885773138043,84.9166888569637,32426901.56932,75.4340215685204,0.0010864980519545,1065.6,95.1639261244566,37251900,0.00522780987211777,0.00481169599729755,45.33404,8.49965346068861e-08,5.66221103431019e-07,3.84173096296681e-05,"HoiLee_AFFC_Pin_3",22,0.9,0.3,120,3
0.85,347,0.244,0.826,591,0.1,0.105,967,0.567,0.654,306,0.3,0.692,289,0.299,0.401,1000,0.1,0.451,940,2.4,0.638,801,0.1,0.0921,913,0.1,0.545,1000,0.717,1.56,1.56,19.2,2.5,66,20,0.0554727752524869,0.761104910901127,0.57993230750969,0.574267690414453,0.0507796996405456,0.118883603687037,0.299907028900976,0.238171329510303,0.414736608877984,0.0508200521627906,73762832.6044334,185450201.040713,16249903351.7291,94118454.4615813,70021808.695146,284116431.995416,1079035167.34468,275523508.091016,1394177830.6012,70055608.50561,0.000961090866801586,0.000372232115164819,0.0501857568558826,0.000519541087972344,0.000461129981995045,0.000434356875066796,0.0483769689014823,0.000557400341284403,0.000611481638643871,0.000461307694256891,1,-15,-2,3,4,-9,14,-3,15,4,76.6014587527208,805.619742014904,1120.81836625105,10.0873652962595,73.6711151186754,18961410.4938546,83.1676360671626,0.00111855896260158,1054.4,95.0691638187073,26380060,0.00392273788425934,0.0027985915284165,52.2303,8.0333877729944e-08,7.13837744849011e-07,0.000115858577794115,"HoiLee_AFFC_Pin_3",22,0.9,0.3,120,3
0.85,195,0.298,0.805,665,0.1,0.0957,1000,0.43,0.656,160,0.137,0.829,86,0.246,0.399,1000,1.26,0.306,750,0.866,0.638,934,0.1,0.481,913,0.139,0.85,1000,0.396,1.56,1.56,19.2,2.5,100,13,0.055513429977761,0.387168477079376,0.419818383130493,0.213529726009054,0.0466415029349318,0.332824837095244,0.299872542971478,0.436732525037704,0.199141055270573,0.0466470424256483,205031265.197391,232104000.6652,28958274747.8163,363915777.249679,183333458.467575,80404919.4820231,5046531535.02758,313294765.875834,397394759.878599,183348467.940119,0.00113495585919703,0.000543408697186019,0.0730764287022017,0.000820244707830339,0.00052596420502256,0.00072212484503965,0.0592326269502498,0.000721948531503773,0.000726240927204238,0.000525994283213531,9,-2,-6,-4,-5,-10,13,2,15,6,58.9927916104344,1963.40529351814,1934.18676809537,17.4076809128584,58.4887688143793,35540315.1833563,78.9279819962477,0.00297308180835754,1049.8,97.3319133481429,35011420,0.00301689410915199,0.00212213118882106,45.09632,1.28856908529111e-07,1.34794776032732e-06,5.93160785631874e-05,"HoiLee_AFFC_Pin_3",22,0.9,0.3,120,3
0.85,653,0.108,0.828,682,0.1,0.0988,773,0.779,0.628,410,0.1,0.85,311,0.1,0.272,273,2.05,0.316,921,0.744,0.638,939,0.1,0.181,913,0.1,0.316,1000,1.34,1.56,1.56,19.9,2.5,100,21,0.0740615688213264,0.740590531798865,0.579893477059897,0.56045126194328,0.0558429715371096,0.139402202744058,0.299833352978592,0.230247425178006,0.510130421298954,0.055856567947928,93527048.7053486,174995480.903488,17945378254.7804,154146947.971715,78184992.409655,130385563.665057,3637713106.58109,250067548.76772,905353782.717932,78198006.8991243,0.000997322774103214,0.000394719941485798,0.0584065377130967,0.000594452922846417,0.00044136078929761,0.000462891559225511,0.0451399589120443,0.000565113974419047,0.000629382891863788,0.000441413997208825,-6,8,-15,15,4,7,15,12,15,1,90.3832817478486,970.61737500647,1120.27476413401,10.0824728772061,85.0748221287295,27610453.9537096,76.6760411315034,0.00103150908734969,1033.4,94.9947263124095,31867650,0.00474104672357385,0.00407105721268589,41.76911,6.4260119707699e-08,3.77923083154375e-07,3.87397032610148e-05,"HoiLee_AFFC_Pin_3",22,0.9,0.3,120,3
0.85,653,0.108,0.828,720,0.1,0.0988,773,0.715,0.628,399,0.101,0.606,245,0.218,0.272,273,2.05,0.4,921,0.744,0.638,962,0.1,0.181,913,0.1,0.316,1000,1.34,1.56,1.56,19.9,2.5,100,22,0.0667808616687073,0.740669316496024,0.579863754994782,0.570416360871938,0.0523083709231557,0.139323765170361,0.299880751327391,0.229530664163711,0.518109581837771,0.0523277456047642,147915984.770427,169822968.035056,17335482874.3796,154779815.14279,129414833.796479,130144323.134438,2446873922.81948,247817026.042706,911165124.01878,129443705.691421,0.00103872205006842,0.000397770461034632,0.0512986091362786,0.00058200480483015,0.00046669150081403,0.000461986270666853,0.037766136645329,0.000571213854959009,0.000634305925727307,0.000466776192391987,-6,8,-15,6,4,7,15,12,15,1,92.6323653768928,996.690675886161,1314.51882211735,11.8306693990561,84.2933036261195,24472337.0895469,77.3072188737895,0.00119906553033767,1029.4,94.986608477393,32276160,0.00409226548109464,0.00319943211755825,44.1736,6.78409567503301e-08,5.10791044148196e-07,5.4529886311272e-05,"HoiLee_AFFC_Pin_3",22,0.9,0.3,120,3
0.85,470,0.1,0.85,739,0.1,0.0983,913,0.567,0.831,286,0.267,0.636,152,0.33,0.444,613,0.1,0.578,979,1.41,0.638,967,0.1,0.04,913,0.278,0.768,1000,1.03,1.56,1.56,18.6,2.5,76,41,0.0618410104795023,0.734503192590925,0.579789978082042,0.577375451326634,0.0532651473350267,0.145484058242778,0.300035585145682,0.227913475261896,0.307814984696691,0.0532913618340954,120322311.695283,156586745.493183,17026119681.0051,84361884.9362775,110104608.214966,354786829.813107,963819061.511873,242771788.510084,661717708.326476,110138550.357044,0.000924862408247332,0.000380539436456253,0.0468039267912094,0.000509685224559279,0.000432185532378765,0.0004140064194776,0.0376658174568536,0.000556892901459788,0.000535282242301756,0.000432288646812507,-6,1,-15,14,-1,12,15,-12,15,1,66.3666925579627,833.655835442902,1419.00838073704,12.7710754266333,76.4767272911838,17418991.8671538,84.1223292194171,0.00158080400952576,1012,95.3030402188011,29649760,0.00348245065621105,0.0024864559868852,42.27752,1.11569014308593e-07,9.34138185191002e-07,1.99448747600917e-05,"HoiLee_AFFC_Pin_3",22,0.9,0.3,120,3
0.85,609,0.113,0.85,697,0.1,0.109,395,0.827,0.694,247,0.13,0.614,256,0.165,0.309,672,1.23,0.704,921,1.6,0.638,909,0.1,0.181,913,0.1,0.316,1000,1.11,1.56,1.56,20,2.5,100,37,0.0512064824299961,0.760855002634895,0.579992309319237,0.583375568512705,0.053240506863889,0.119138269728386,0.299865228375456,0.23219953422157,0.514886150079447,0.0532549985053476,136486263.711496,165337597.349731,14343320912.7488,159036456.070931,139894864.032488,82168306.1368442,527047848.214825,256241292.06346,912309621.786628,139918667.804355,0.000905163049346865,0.000390277855011123,0.0265125626718487,0.000458584667420383,0.000461501784308447,0.000459946078689826,0.0237720647332187,0.000567333546153795,0.000635416657595735,0.000461563697460841,-4,8,4,15,12,-15,15,-9,15,9,99.7290997709056,1436.46123348244,1899.01152177487,17.0911036959738,82.9095433755353,20511528.3481657,81.834054433347,0.00151150186451975,1006.6,95.3276471255715,27116380,0.00237986795490462,0.00384149486396878,43.82411,8.6526101700657e-08,8.56370010007545e-07,9.51321724048659e-05,"HoiLee_AFFC_Pin_3",22,0.9,0.3,120,3
0.85,276,0.3,0.801,655,0.1,0.0984,992,0.561,0.656,247,0.135,0.829,112,0.157,0.317,1000,1.84,0.306,685,0.586,0.638,929,0.1,0.414,913,0.1,0.749,1000,0.867,1.56,1.56,19.2,2.5,100,45,0.0965116035999718,0.786325559744039,0.579794188408124,0.543128603508248,0.0634223850045898,0.0936682630385659,0.299896989661383,0.226719567918871,0.529427036609329,0.0634361941800564,188966002.774228,177735641.696409,16895751755.4361,201546440.151908,147032233.482553,33799162.1772064,4583216689.34102,239076222.27213,371673470.067064,147054604.90351,0.000914886065708445,0.000361748021848519,0.0498929662910614,0.000590678354462638,0.000387252335116525,0.000417749597487762,0.0345044857551251,0.000522975079361315,0.000558126561665955,0.000387294467918384,-9,-7,-13,-2,-7,-15,13,7,15,6,79.9460547729913,1478.79435732769,1548.56045320508,13.9370440788458,82.0546297416543,34610506.3962617,84.2935390928629,0.00174320352580371,996.400000000003,95.313237007594,36243350,0.00390075719732548,0.00284507490876849,46.00954,1.06508375647286e-07,1.36916793908759e-06,4.65983410360971e-05,"HoiLee_AFFC_Pin_3",22,0.9,0.3,120,3
0.85,352,0.298,0.832,807,0.1,0.0988,751,0.807,0.85,405,0.1,0.85,276,0.164,0.52,470,1.57,0.315,1000,0.702,0.638,992,0.1,0.121,913,0.308,0.617,1000,0.909,1.56,1.56,20,2.5,96,35,0.0682146286372703,0.728397179058901,0.579858938672183,0.57251359439478,0.0553143933423682,0.151596585907558,0.299902231988838,0.228860261742017,0.469791952352019,0.0553379689285213,100444392.282041,161376128.750458,16703271056.391,102370144.073328,88639591.7991568,65719752.3822323,3392496643.25652,245720050.748119,526274070.594527,88663897.0865579,0.000987958219806588,0.000416309576082722,0.0536276999579985,0.00056045802418969,0.000450045429269976,0.000476401506081911,0.0419813423737466,0.000581628050259132,0.00065495089733279,0.000450139435910517,-15,5,-2,13,-3,-6,15,-12,15,2,86.6924520584183,858.0866380314,1046.0227349121,9.41420461420888,81.6620711957033,22106620.4978834,83.9831649772739,0.000577409455480289,990.400000000003,95.0462096565492,26948360,0.00429378175390305,0.00355868617444493,41.83501,7.30685064663349e-08,4.786602198395e-07,7.04689805567926e-05,"HoiLee_AFFC_Pin_3",22,0.9,0.3,120,3
0.85,442,0.164,0.708,605,0.1,0.0954,960,0.588,0.85,189,0.103,0.84,91,0.233,0.311,662,1.5,0.428,1000,1.5,0.638,976,0.1,0.446,913,0.184,0.713,1000,0.501,1.56,1.56,17.3,2.5,100,52,0.0842142711972555,0.770071232397274,0.57982184270332,0.562468325709774,0.0617560817963478,0.109922295624419,0.300013045995617,0.219969241049958,0.539141919653839,0.0617776278537052,156680711.675151,214958042.947596,16708446004.9614,158020114.250582,129751674.460365,59125770.2738808,1406768344.07667,218658202.784042,272718851.66266,129782577.543881,0.000814398838159173,0.000346617708194478,0.0482850421074389,0.000480553548709976,0.000357344252762529,0.000394064047093809,0.0419319830177664,0.000481759944747486,0.000516989672731693,0.000357405978003214,11,15,-5,11,4,15,15,9,15,-15,72.0855413662078,1347.10391921934,1562.4263785011,14.0618374065099,72.1850060412878,29607437.1594118,80.475117558162,0.00201988034550529,989.200000000003,94.9252401904582,34339920,0.00366309739694143,0.00237103360829916,53.58587,1.03352626609782e-07,9.4733854961282e-07,4.08269238300063e-05,"HoiLee_AFFC_Pin_3",22,0.9,0.3,120,3
0.85,470,0.143,0.85,713,0.1,0.103,913,0.567,0.85,155,0.267,0.663,88,0.33,0.626,522,0.1,0.638,953,0.964,0.638,967,0.1,0.11,913,0.278,0.595,1000,1.13,1.56,1.56,18.6,2.5,100,57,0.0648557618334572,0.707562543594635,0.579937532885962,0.571859499981653,0.057509978320995,0.172422986849512,0.299871082466139,0.226285071254445,0.42655519492784,0.0575327625285658,155367106.505964,161114871.8542,15680152777.6736,120552171.704415,143890905.297919,261150800.67077,1000533909.70936,237737491.307656,563461264.150736,143928729.739591,0.000863132689560659,0.000383971532422316,0.0443036745505357,0.000478982267987946,0.000408210539850353,0.000402186042133412,0.0316473398237353,0.000539858526054926,0.000600090001163715,0.000408289725679805,-11,6,-15,8,-1,12,15,-12,15,-10,80.6105914253377,1309.44554935116,1540.42349949793,13.8638114954813,84.831194639801,26150071.9573533,80.7778229404581,0.00179741953400942,978.400000000003,96.6490924522057,30762780,0.00332838988867094,0.00210935919168963,44.03395,9.90367827166189e-08,4.74538076932485e-07,4.68855031963145e-05,"HoiLee_AFFC_Pin_3",22,0.9,0.3,120,3
0.85,516,0.1,0.827,722,0.1,0.0948,1000,0.573,0.809,161,0.337,0.663,115,0.33,0.62,857,0.1,0.458,1000,1.94,0.638,898,0.1,0.04,913,1.34,0.687,1000,1.03,1.56,1.56,20,2.5,68,53,0.059594736415317,0.726895924890414,0.579827216117475,0.57618278754511,0.0559789529823652,0.153092294350279,0.299983168645939,0.234321400163679,0.274362203449434,0.0560021566899265,133840759.580133,172857587.037367,19382935515.4787,108480310.463371,128599266.154553,197595751.063156,1261396296.02792,263024812.476032,153562461.736475,128633973.981708,0.000922440671013114,0.00040906436362694,0.0587706247938231,0.000501326944045973,0.000447748903788769,0.00044674411842947,0.0527787729398437,0.000582814990568419,0.000560829450881329,0.000447839309988117,-4,15,-2,15,-9,4,14,-8,15,4,68.212537264664,585.915962440764,1134.97314899971,10.2147583409974,80.9301410746637,15262196.8064485,83.4771797618966,0.00187388548800099,952.000000000003,95.2338368557117,29564280,0.00434140667058305,0.00220406296648759,41.93395,1.29124970768736e-07,5.11154015324089e-07,1.05157600900352e-05,"HoiLee_AFFC_Pin_3",22,0.9,0.3,120,3
0.85,277,0.247,0.647,841,0.1,0.0935,790,0.81,0.85,391,0.1,0.85,276,0.277,0.787,469,2.4,0.441,1000,0.372,0.638,1000,0.1,0.235,913,0.1,0.426,1000,1.83,1.56,1.56,12.8,2.5,59,6,0.0627406637069436,0.738270556594207,0.579393116678495,0.614739612409049,0.0506295161910948,0.141725750506466,0.30040979109476,0.208240929776065,0.557879096434042,0.0506907057773734,52415571.6221743,172533905.370144,11475381926.5692,77875140.009787,46553838.7439476,20952278.9154554,2172177912.92036,185211723.958014,526294304.367205,46587553.2627973,0.000674440375498618,0.000293876116155176,0.0338553701849959,0.000367861862496983,0.000306769311247447,0.000308245003517483,0.0213648405447206,0.000388468380917286,0.000409478596911099,0.000306949261258586,-7,-4,-15,9,-8,15,13,-10,15,1,84.0997470516495,858.088419541596,1162.66708535517,10.4640037681965,75.4485898922911,13461837.8211574,91.2695148995545,0.002690278079169,1130.6,90.2335237311808,18240120,0.00261469515933818,0.00268268528138958,47.79068,1.55711173962369e-07,4.90921372447911e-06,0.000177547469528694,"HoiLee_AFFC_Pin_3",22,0.9,0.3,120,3
0.85,177,0.303,0.703,847,0.1,0.1,846,0.781,0.828,667,0.178,0.631,497,0.411,0.722,699,1.54,0.608,1000,1.07,0.638,885,0.1,0.288,913,0.1,0.387,1000,0.855,1.56,1.56,13.7,2.5,59,10,0.048240728038869,0.745167388996318,0.579300239338086,0.621905524761705,0.0455115563237548,0.134828709078106,0.300590829102754,0.212472818499703,0.602220113896497,0.045603136681614,34441898.4334951,159787890.193986,10848931091.2829,47009853.7486158,33379581.4716804,25062725.6593954,830584452.570393,196971597.942456,426505674.338664,33416439.8138964,0.00070064177080805,0.000307963056403945,0.0346206868315754,0.000360490642375183,0.000340391255293083,0.000330698833844357,0.0258634115020545,0.000375429738256331,0.000397145407590616,0.000340736655460674,15,14,-13,-11,10,15,13,-15,15,4,73.4908772245232,815.943998738642,1201.27964991575,10.8115168492417,68.5910326907088,13229676.4347141,92.2530420907625,0.00317196191872759,1106.2,89.4499510047685,19477490,0.00270232525254299,0.00232471140318122,42.72869,2.20542785223303e-07,5.65864532839938e-06,0.000226435436669004,"HoiLee_AFFC_Pin_3",22,0.9,0.3,120,3
0.85,122,0.247,0.72,773,0.1,0.0955,812,0.807,0.85,378,0.1,0.807,247,0.134,0.67,469,1.54,0.441,1000,0.786,0.638,1000,0.1,0.295,913,0.1,0.683,1000,2,1.56,1.56,16.5,2.5,63,27,0.0672987438891944,0.724910704552848,0.579357978106919,0.588855595315381,0.0549107817273917,0.15508395705737,0.30045963873317,0.217307244482603,0.557668833579126,0.0549291709510973,100959264.884248,182955474.473112,14814512558.3464,93340378.5444068,88997571.2780784,45870976.3822929,1864113457.75636,210835170.649426,497309051.329174,89017299.9005753,0.00081050996418412,0.000359527592288722,0.0481681967215241,0.000459371904209258,0.000369967463264212,0.000396867585323,0.0347641065237664,0.000468061457745081,0.000497922953215981,0.00037002842620207,-15,15,-15,15,0,15,15,-15,15,1,67.1831194838117,985.903407343147,1132.7300015127,10.1945700136143,65.7203999299178,22214347.3791537,91.4364742539869,0.00271139267388088,997.400000000003,92.8867034751789,25522640,0.00375532856696004,0.00368951430426093,41.1083,1.24020723332107e-07,4.25174165917419e-06,0.000189674823429187,"HoiLee_AFFC_Pin_3",22,0.9,0.3,120,3
0.85,180,0.1,0.794,805,0.1,0.0969,853,0.652,0.85,314,0.193,0.75,315,0.227,0.656,598,1.72,0.812,857,0.634,0.638,982,0.1,0.388,913,0.11,0.472,1000,1.87,1.56,1.56,16,2.5,66,43,0.0496818726099768,0.739410415843661,0.579367782400132,0.604639639834697,0.0508777196898758,0.140584839533737,0.300424973412818,0.213550027977539,0.594705202960643,0.050918251364874,69439380.6010357,151129619.013353,14527632519.0348,84509405.3550593,70431548.8554097,32139911.5028659,855653402.036129,200021620.769278,332741059.106433,70464648.0205957,0.000746096116740976,0.000341110056603508,0.0405346057463692,0.000376460874840586,0.000377470311296478,0.0003777335330104,0.0229515216838178,0.000425896741675559,0.000445439170119111,0.000377617334036247,10,11,-13,-15,-8,3,14,-10,15,2,66.275660724012,1187.27501589435,1296.13997991123,11.6652598192011,63.95407838477,21654281.1532687,90.1834226584908,0.00270136490718598,988.200000000003,91.3376079980438,23639830,0.00303977327119908,0.00333917074718648,42.82314,1.67653689661725e-07,4.36079222917884e-06,0.000170342870890738,"HoiLee_AFFC_Pin_3",22,0.9,0.3,120,3
0.85,376,0.396,0.568,817,0.1,0.1,1000,1.9,0.85,472,0.208,0.836,249,0.599,0.85,469,0.778,0.403,586,2.24,0.638,839,0.1,0.196,913,0.1,0.243,1000,2.4,1.56,1.56,20,2.5,47,58,0.0623571480169047,0.694935971912233,0.579435911608227,0.602032135476382,0.0507931433628968,0.185057039563856,0.300365742641362,0.23649104825541,0.516772745741475,0.0509172412451097,50866112.0094798,278170183.555967,12234009351.0462,81169398.6228648,45731099.6354372,73950431.4417884,2559419382.61941,270038561.341549,868588260.790963,45794013.9895076,0.00105440769221997,0.000448258506979836,0.116254162580099,0.000576093494867971,0.000481770629743873,0.000470245017192597,0.0777923678135511,0.000566453955807535,0.000641894120353064,0.000482336790462688,-5,-5,-15,-8,13,-15,12,5,15,3,86.1661901515746,208.950389491011,354.100604106972,3.18690543696274,73.8899201861973,13025523.7355779,92.5315976950577,0.00270744853202352,959.600000000003,83.035851976625,22073880,0.0103896462116416,0.00203560283072065,46.21133,7.48388589292951e-08,3.49111930662949e-06,0.000188989180330834,"HoiLee_AFFC_Pin_3",22,0.9,0.3,120,3
0.85,482,0.235,0.641,817,0.1,0.114,1000,1.53,0.84,536,0.1,0.723,276,0.274,0.85,469,2.4,0.789,783,1.44,0.638,877,0.1,0.316,848,0.1,0.04,1000,2.23,1.56,1.56,20,2.5,45,52,0.0677835398415138,0.717472481015011,0.579500771686319,0.589648360850038,0.0519123890294301,0.162521607451266,0.30033149229939,0.230970337503957,0.562596824753097,0.0519498038312679,89074383.9924963,233441739.34784,10108766479.3334,87862985.0133595,76831363.4089984,29497331.8180057,884597117.302618,252346282.400028,551655680.935881,76865332.6236344,0.00106297099449726,0.000435451640414689,0.0835276985112021,0.000585886883803539,0.000474055432825611,0.000479059632738091,0.0470204194114982,0.000534986854836057,0.000583034655864937,0.000474221209334046,-11,-5,-15,5,15,-10,11,-15,15,4,65.7048572675455,189.018129658243,464.98564344107,4.18487079096963,75.0289121930707,8632374.91828275,90.7724564171313,0.00302764628496997,910.400000000002,82.9366328579254,21235690,0.00761159342571233,0.003366041048095,47.2495,8.4995860806173e-08,3.63398349156663e-06,0.000158863011749499,"HoiLee_AFFC_Pin_3",22,0.9,0.3,120,3
0.648,88,1.02,0.28,3,0.42,0.214,15,1.07,0.85,18,0.742,0.85,10,1.02,0.561,1,0.758,0.85,486,0.349,0.188,1,0.394,0.144,12,0.956,0.04,256,0.459,1.56,1.56,4.6,2.5,49,12,0.0715655184511658,0.443291125230427,0.57992943927829,0.474136727281657,0.0576786727990304,0.436387741446724,0.299902121683257,0.396149266481558,0.370890686197918,0.0577293400921071,112448733.64414,3724585187.07396,6916050102.92638,117414334.298661,98881824.5513127,1966223083.68553,275670716.755445,13010819116.4408,2071100271.88007,98938023.3322614,0.000225996668128666,7.06943078854857e-05,0.00130738838808475,0.000128658309280456,0.000102781974990739,5.24803873883084e-05,0.00168667973350155,6.39604064331621e-05,0.000137131667932279,0.000102826042298786,15,15,15,15,15,15,15,15,15,15,90.095748139147,3999.48346603624,10521.0036163607,94.6890325472465,63.4932435655362,3827189.98330541,64.5353880905663,0.00107548081152736,1100,98.5259021411491,10067770,0.000159486844397368,0.000387199099717513,41.27747,2.8326101268091e-07,2.89641320397688e-06,8.63738936298653e-05,"HoiLee_AFFC_Pin_3",22,0.9,0.3,120,2
0.648,62,1.02,0.28,3,0.42,0.214,15,1.07,0.85,14,0.742,0.85,10,0.99,0.561,1,0.914,0.85,486,0.318,0.188,1,0.606,0.171,12,0.955,0.04,256,0.812,1.56,1.56,4.6,2.5,42,4,0.0653666702015951,0.455508989058288,0.580616773084151,0.48117404670945,0.057913832984213,0.424220694304108,0.299208753927919,0.359538005127324,0.425693249065642,0.0579667449510595,108005480.075928,3717475189.56749,6889321761.41531,131517439.077897,100180079.747801,1776564277.24203,285420338.668698,10449005644.0181,1762537865.2775,100239469.146729,0.000215735103321687,7.04248630255643e-05,0.00130026170854476,0.000118130581964817,0.00010200799901896,5.52858760268478e-05,0.00165293731586684,7.27205425201583e-05,0.000130313869724794,0.0001020535131556,15,15,15,15,15,15,15,15,15,15,72.4974499809855,4372.17769862002,10402.1405751806,93.6192651766256,67.8842701912967,4146058.81250908,63.2707318117943,0.00474985011149236,1080.4,98.8878766785014,9864166,0.000158047053371812,0.000382429678759734,46.36323,4.19791612138243e-07,4.72539358010865e-06,0.000485176407989563,"HoiLee_AFFC_Pin_3",22,0.9,0.3,120,2
0.765,62,0.99,0.28,3,0.707,0.179,15,0.99,0.85,8,0.95,0.85,19,0.99,0.85,70,0.914,0.85,486,0.881,0.21,1,0.994,0.181,12,0.965,0.131,272,0.303,1.56,1.56,6.6,2.5,33,25,0.0387920238026478,0.661624770804144,0.579767715953552,0.519036034198981,0.0557486671008633,0.21828693009503,0.300066249375164,0.354004155592788,0.460545150250871,0.0558342999982918,66165651.2397212,3462514838.01353,9523877906.95652,146108355.721728,85187791.5864146,117579016.096876,183586335.3859,7855347834.87193,2004944272.7805,85269691.9943002,0.000244334652617627,0.000103969592050277,0.00140674618559644,9.95838156777119e-05,0.0001495596869062,0.000153876347152698,0.00199467683568603,9.60221537710908e-05,0.000163587350720468,0.00014967080164595,15,15,15,15,15,15,15,15,15,15,67.6772772401972,2711.09652779557,9699.48625267152,87.2953762740437,67.9542195746826,2847062.07483543,66.5779743008151,0.00192954141020611,1061.8,99.1908919791589,10185930,0.000175025249356111,0.000391485853029863,54.31839,2.58863466928669e-07,1.39571635889707e-06,0.000161813263863109,"HoiLee_AFFC_Pin_3",22,0.9,0.3,120,2
0.648,62,1.02,0.28,3,0.42,0.214,15,1.07,0.85,14,0.742,0.85,10,0.99,0.561,1,0.914,0.85,486,0.349,0.188,1,0.394,0.181,12,0.969,0.04,256,0.812,1.56,1.56,4.6,2.5,100,49,0.0651694271745263,0.455481141612917,0.579767781763168,0.480956447288194,0.0579139333871687,0.424248455540768,0.300065072464731,0.391340888212569,0.399717958822867,0.0579671597573849,107811709.038429,3718056689.73338,6889377069.4175,131112134.90323,100179837.816009,1776859960.98419,274490256.316443,12674650436.5913,1636709459.35703,100239579.520359,0.000215450722844948,7.04405714677656e-05,0.00130037640200514,0.000117594188430135,0.000102007434478078,5.52980413137595e-05,0.00167613433336615,6.18099686027638e-05,0.000127852979875026,0.000102053218420559,15,15,15,15,15,15,15,15,15,15,83.2261784097931,4493.91324302873,10775.0155386166,96.9751398475495,63.2701503406523,4257587.74151704,63.3735110909913,0.00109000118648585,1051.6,98.9002970786518,10208380,0.000157902015135758,0.000394375602362697,41.71349,2.64578127379456e-07,1.81632788973513e-06,9.68195210553358e-05,"HoiLee_AFFC_Pin_3",22,0.9,0.3,120,2
0.765,62,0.99,0.28,3,0.707,0.179,15,0.99,0.85,8,0.95,0.85,19,0.99,0.85,70,0.914,0.85,486,0.881,0.21,1,0.994,0.181,12,0.965,0.131,272,0.303,1.56,1.56,6.6,2.5,34,35,0.0387920238026478,0.661624770804144,0.579767715953552,0.519036034198981,0.0557486671008633,0.21828693009503,0.300066249375164,0.354004155592788,0.460545150250871,0.0558342999982918,66165651.2397212,3462514838.01353,9523877906.95652,146108355.721728,85187791.5864146,117579016.096876,183586335.3859,7855347834.87193,2004944272.7805,85269691.9943002,0.000244334652617627,0.000103969592050277,0.00140674618559644,9.95838156777119e-05,0.0001495596869062,0.000153876347152698,0.00199467683568603,9.60221537710908e-05,0.000163587350720468,0.00014967080164595,15,15,15,15,15,15,15,15,15,15,67.6772772401972,2711.09954206573,9699.48625267152,87.2953762740437,67.9542195746826,2847065.24027575,66.5779743008151,0.00196991120236645,1002.2,99.1908919791589,10185930,0.000175025249356111,0.000391485853029863,54.31839,2.58863088863182e-07,1.39571635889707e-06,0.000161813263863109,"HoiLee_AFFC_Pin_3",22,0.9,0.3,120,2
