MOSFET_0_8_L_BIASCM_PMOS,MOSFET_0_8_M_BIASCM_PMOS,MOSFET_0_8_W_BIASCM_PMOS,MOSFET_10_1_L_gm2_PMOS,MOSFET_10_1_M_gm2_PMOS,MOSFET_10_1_W_gm2_PMOS,MOSFET_11_1_L_gmf2_PMOS,MOSFET_11_1_M_gmf2_PMOS,MOSFET_11_1_W_gmf2_PMOS,MOSFET_15_2_L_gmc_NMOS,MOSFET_15_2_M_gmc_NMOS,MOSFET_15_2_W_gmc_NMOS,MOSFET_17_7_L_BIASCM_NMOS,MOSFET_17_7_M_BIASCM_NMOS,MOSFET_17_7_W_BIASCM_NMOS,MOSFET_21_2_L_LOAD2_NMOS,MOSFET_21_2_M_LOAD2_NMOS,MOSFET_21_2_W_LOAD2_NMOS,MOSFET_23_1_L_gm3_NMOS,MOSFET_23_1_M_gm3_NMOS,MOSFET_23_1_W_gm3_NMOS,MOSFET_7_1_L_gmf1_PMOS,MOSFET_7_1_M_gmf1_PMOS,MOSFET_7_1_W_gmf1_PMOS,MOSFET_8_2_L_gm1_PMOS,MOSFET_8_2_M_gm1_PMOS,MOSFET_8_2_W_gm1_PMOS,CAPACITOR_0,CURRENT_0_BIAS,gen,index,VDS0,VDS10,VDS11,VDS15,VDS17,VDS21,VDS23,VDS7,VDS8,ft0,ft10,ft11,ft15,ft17,ft21,ft23,ft7,ft8,gm0,gm10,gm11,gm15,gm17,gm21,gm23,gm7,gm8,gmid_offset0,gmid_offset10,gmid_offset11,gmid_offset15,gmid_offset17,gmid_offset21,gmid_offset23,gmid_offset7,gmid_offset8,CMRR,FOML,FOMS,FOM_AW,PSRR,SR,chip_area,d_settle,fitness,gain,gbw,ivdd_27,noise,pm,settlingTime,tc,vos,Topo,Tech_nodes,VDD,VCM,CL,RUN
4.28,26,0.935,0.872,18,0.701,0.562,95,0.857,0.213,53,1.15,7.28,1,1.01,2.84,1,1.22,1.34,8,1.21,2.2,133,1.07,3.99,100,0.983,1.15,0.345,80,1,0.377912214719044,0.307813959428412,0.307813959428412,0.164313308903782,0.377912214719044,0.544564625773236,0.477154580005603,0.377912214719044,0.377912214719044,5722514.67973724,93822906.3870927,196319450.58363,25053300.7299515,4625531.0181421,93580896.5788449,304022982.254568,4625531.0181421,4625531.0181421,1.04657904470568e-05,2.46986700633216e-05,0.00022582841284882,9.48516940383814e-06,4.5082722291619e-06,1.27369825009476e-05,0.000144755237070537,4.5082722291619e-06,4.5082722291619e-06,3.24660464813385,6.9663214211633,7.96611472708469,15,5.33112804595771,0.905297343237262,3.92242452948081,2.23330204192939,2.23330204192939,110.784688381438,10311.8770633993,15883.3254751026,48.245601130624,105.508535580725,449931.09399569,57.7610043714615,0.000608292983025686,1061,135.310790668617,693026.3,2.15468234541315e-05,0.000353236367824936,49.75012,8.32601961856014e-06,3.59059268760786e-07,4.62721944507472e-05,Sau_CFCC_Pin_3,180,1.8,0.9,800,10
4.28,30,0.935,0.872,19,0.769,0.632,95,0.857,0.213,53,1.15,4.06,1,1.01,2.84,1,1.22,1.34,8,1.21,2.2,163,1.02,4.47,100,0.983,1.15,0.345,71,13,0.343837164039082,0.303069078499864,0.303069078499864,0.153895905265935,0.343837164039082,0.549442118039629,0.46027437062727,0.343837164039082,0.343837164039082,12545329.6198815,87883550.475969,150980776.496446,25168607.3202369,10394574.7572853,95391726.866982,275667028.590384,10394574.7572853,10394574.7572853,1.16415971522111e-05,2.62371447980849e-05,0.000189441741108951,9.55467703971519e-06,5.07918641517586e-06,1.30344186903488e-05,0.000127894557805804,5.07918641517586e-06,5.07918641517586e-06,4.683832393122,7.90785984219544,5.94026635636737,15,6.89947216262223,0.672854847411498,4.11574920448253,5.49961940993668,5.49961940993669,110.898837089001,10633.0189398248,15497.8827589671,47.0748188803625,107.188721693483,427255.332387939,59.9676643867343,0.000873441563408914,1041.6,135.704151257033,622735,1.98429334879431e-05,0.000241732817522623,46.12161,8.28392202575171e-06,1.92241710452734e-07,4.85400546721415e-05,Sau_CFCC_Pin_3,180,1.8,0.9,800,10
8.4,13,1.01,0.763,48,0.896,0.373,43,1.28,0.396,4,5.3,16.6,1,0.697,3.28,2,0.449,2.66,21,1.01,1.48,77,0.998,7.07,19,1.02,1.15,0.1,77,11,0.356318964821672,0.227410928134053,0.227410928134053,0.18948424184735,0.356318964821672,0.560195473505467,0.33852308807761,0.356318964821672,0.356318964821672,1054509.42898044,39638622.3283656,109104196.739521,14847149.4510412,858957.319373568,78080440.305005,27103525.8003837,858957.319373568,858957.319373568,2.96166038425789e-06,2.56652477358777e-05,5.45295125519511e-05,2.59053560985936e-06,1.28657358185025e-06,9.34593037677562e-06,4.18930086493779e-05,1.28657358185025e-06,1.28657358185025e-06,3.19319698447218,8.90150930744905,9.63486289695734,14.0901430999962,5.31309996229564,-0.24213521213819,8.10195895035165,2.21527395826732,2.21527395826733,109.915069576874,10761.6780270203,13098.3111233824,39.786120037274,101.099662374409,174643.967601346,52.3057127281524,0.00134008627307206,985.4,134.531311622566,212563.6,8.01398577446825e-06,0.000233656673846143,50.74851,2.27351874443821e-05,6.31940185001345e-07,5.22676991114857e-05,Sau_CFCC_Pin_3,180,1.8,0.9,800,10
6.79,15,0.897,1.29,30,0.896,0.622,64,0.891,0.306,14,2.3,17.6,10,0.989,2.86,1,0.81,1.8,12,1.01,3.01,90,1.03,3.26,1,1.02,1.15,0.162,77,23,0.229861353856914,0.261075702681245,0.261075702681245,0.146505836668912,0.229861353856914,0.528995805053899,0.376385836144291,0.229861353856914,0.229861353856914,209228.34714934,25223191.3485671,90671543.4687602,17325900.9953489,189094.837247643,87588075.5728238,83440704.4118976,189094.837247643,189094.837247643,5.941474658857e-06,1.71466642599558e-05,7.07115953431851e-05,4.1094542895297e-06,2.76434528589808e-06,7.92365148935061e-06,5.49595736075501e-05,2.76434528589808e-06,2.76434528589808e-06,6.5544994941567,7.60251351809722,8.63156946057418,14.2628546627249,9.33293132199033,0.948683205818437,6.5992678450221,6.23510531796201,6.23510531796201,99.6577463775932,9412.61778274785,10814.2843608381,32.8483887460457,94.6327002407752,164388.08267743,60.0304150243858,0.000520823983351305,956.999999999999,134.321825181179,188867.7,8.62451891294376e-06,0.000232378537632705,57.24114,7.80098317464833e-06,6.63005403117589e-07,7.76946641549703e-05,Sau_CFCC_Pin_3,180,1.8,0.9,800,10
5.3,15,0.825,0.293,19,0.814,0.485,95,0.603,0.192,53,0.22,8.99,6,1.06,4.92,1,2.06,0.565,2,1.22,1.65,45,0.982,5.87,24,0.994,1.15,0.331,100,21,0.267015272151357,0.236584208366366,0.236584208366366,0.103563846563154,0.267015272151357,0.528206434350775,0.42395469803317,0.267015272151357,0.267015272151357,1158889.06622845,227053129.737922,106836761.225688,130744441.886381,1017906.00452839,30195731.6668001,1033619075.56926,1017906.00452839,1017906.00452839,1.20230874704954e-05,2.77157874505916e-05,6.78866306965742e-05,9.61479495837216e-06,5.49221863534065e-06,1.18808500249343e-05,4.95342908661583e-05,5.49221863534065e-06,5.49221863534065e-06,6.21343182594888,14.4937137318318,10.2177112185663,15,8.84624296312801,1.05323479786266,3.60140319121916,5.74841695909969,5.74841695909969,101.529058204086,23375.8914467383,24276.4785673392,73.7398036482928,92.6656401192762,576758.034263602,50.8793567471131,0.00155717358099704,955.6,134.020444648578,598978.4,1.21842960727873e-05,0.000194678751991125,50.96548,3.91234275137004e-06,1.27411732838922e-06,0.000122148324158133,Sau_CFCC_Pin_3,180,1.8,0.9,800,10
4.69,30,0.969,0.872,29,0.769,0.641,109,0.857,0.18,33,0.412,5.27,1,1.05,2.84,1,1.22,1.03,6,1.21,2.19,141,0.958,5.6,100,0.978,1.15,0.345,81,27,0.356410754335211,0.270716615319835,0.270716615319835,0.151963121658724,0.356410754335211,0.534746775312454,0.429249169994054,0.356410754335211,0.356410754335211,8632720.26954955,61132935.4145344,99363761.0485079,120601102.695559,7076222.63286064,89927119.3325167,368364112.079932,7076222.63286064,7076222.63286064,1.12139612091505e-05,2.52474615162539e-05,0.00013299845524016,9.8073032575172e-06,4.8675631973411e-06,1.21382590640667e-05,9.37157234657931e-05,4.8675631973411e-06,4.8675631973411e-06,4.74478266039763,8.54956112265295,7.001443079348,14.4613970083157,6.34974614964435,1.03942928355766,4.25858016854655,1.64757673130939,0.367182177171202,116.981372973607,14268.6025611808,19398.1583753792,58.9219060652144,104.068055111486,445056.279738896,62.222165544121,0.00113027890508799,953,136.119603882057,605053.8,1.540311168813e-05,0.000218274140557792,43.95653,1.0099581546418e-05,2.17826747123118e-07,1.49888532317011e-05,Sau_CFCC_Pin_3,180,1.8,0.9,800,10
4.28,26,0.935,0.872,18,0.701,0.562,95,0.913,0.213,1,1.15,7.28,1,1.01,2.84,1,1.22,1.34,8,1.21,2.55,133,1.07,3.99,100,0.983,1.15,0.1,100,38,0.295553113910012,0.227478874615871,0.227478874615871,0.238138877925435,0.295553113910012,0.411085084095052,0.366203865700232,0.295553113910012,0.295553113910012,2422261.7115461,34383662.0993299,62805761.8621868,339015952.034635,2116526.83480016,44193201.2132082,132353852.580088,2116526.83480016,2116526.83480016,3.57164853677099e-06,7.33145320136892e-06,6.53875897587911e-05,2.51297251972781e-06,1.61876961463647e-06,5.01993068119268e-06,4.99965236211116e-05,1.61876961463647e-06,1.61876961463647e-06,5.71262134129271,10.1093554027261,15,13.7240748072042,8.19266779906216,5.48871404018664,6.36851076535704,5.09484179503384,5.09484179503384,106.654060947814,16726.7553965078,18389.223814877,55.8572673376889,94.5740901503181,190383.251855138,57.9970444591791,0.00112864666576132,935.2,135.491349982018,209305.4,5.62072072201358e-06,0.000255841952026015,43.96556,1.83727866778503e-05,8.57359003547664e-08,4.37131530129919e-05,Sau_CFCC_Pin_3,180,1.8,0.9,800,10
5.02,30,0.974,0.872,19,0.864,0.55,54,0.91,0.206,28,1.54,3.71,1,1.2,2.84,1,1.22,1.28,10,1.25,1.93,184,1.02,4.47,100,0.984,1.15,0.345,78,32,0.331135112303583,0.321936952235122,0.321936952235122,0.160431643037944,0.331135112303583,0.599921020638303,0.426744470079876,0.331135112303583,0.331135112303583,12492856.5869983,102154807.01197,233601939.596493,35618983.3117986,10491156.1399981,113967179.155351,242281947.804949,10491156.1399981,10491156.1399981,1.2029191076483e-05,3.63260638222281e-05,0.000165383522348269,9.44199933703636e-06,5.29583090326488e-06,1.61006425993148e-05,0.000130799972342231,5.29583090326488e-06,5.29583090326488e-06,5.27022928595306,8.72024838076224,6.63515492682799,15,7.57550775035597,-0.535144074774307,4.13182665677476,4.47768174632765,2.86761723979689,110.637279179556,10237.9250300333,13549.558644701,41.1567843832794,109.048640198704,445067.600325046,61.4893843846237,0.000990719622440296,929.6,135.683434025841,589032.4,2.14678725084984e-05,0.000222957577101713,47.00348,4.58943414055636e-06,2.61210589087568e-07,5.25833925131281e-05,Sau_CFCC_Pin_3,180,1.8,0.9,800,10
4.37,15,0.876,2.4,57,0.702,0.632,60,1,0.18,1,0.957,10.4,1,1.05,5.68,1,1.02,2.54,8,1.06,3.01,156,0.987,6.18,1,0.978,1.15,0.1,68,9,0.313011137666582,0.247535563380109,0.247535563380109,0.218971578803245,0.313011137666582,0.539995462363813,0.407748050375318,0.313011137666582,0.313011137666582,1501086.45753542,7055941.52297202,70142711.5600446,457582002.469207,1278221.53691879,23960010.8659272,55298730.3019992,1278221.53691879,1278221.53691879,3.4721635327964e-06,1.23411738310782e-05,5.6602489076369e-05,2.62982263573412e-06,1.55151056274904e-06,5.41515704006109e-06,3.87113097516423e-05,1.55151056274904e-06,1.55151056274904e-06,2.02253453555639,10.8542461991331,10.5787600403977,10.5120296226826,7.67202487911404,0.715163300458029,5.34191132490627,-1.47515758548557,4.51926818813504,112.620432305682,6887.85645171152,8686.936316311,26.3865690607947,105.3087073198,85631.8990607851,49.3065180275387,0.000663081268191861,1026.4,131.842440756031,107998.6,6.13940750033689e-06,0.000238731771653894,52.23287,1.04809568669019e-05,1.17636682157585e-07,2.43046705467043e-05,Sau_CFCC_Pin_3,180,1.8,0.9,800,10
4.37,15,0.876,2.4,57,0.702,0.632,101,1.03,0.18,1,1.06,10.4,1,1.05,6.17,1,1.02,2.38,8,1.01,2.87,164,0.987,6.18,1,0.978,1.15,0.1,69,32,0.313011137666582,0.25280777020969,0.25280777020969,0.217205650724818,0.313011137666582,0.562217510329729,0.459803701974983,0.313011137666582,0.313011137666582,1501537.1089338,7549284.68985628,75527774.1160828,415560168.023227,1278221.53691879,22127610.2145831,89672802.3893833,1278221.53691879,1278221.53691879,3.47259573912797e-06,1.3419281187621e-05,0.000106553323036639,2.63895012636343e-06,1.55151056274904e-06,5.51632793620725e-06,6.16093802202813e-05,1.55151056274904e-06,1.55151056274904e-06,5.26653561908191,7.62079320692661,11.9904176383826,14.9907087080552,7.61709419216336,-0.110732907727641,3.36084133204071,4.51926818813504,4.51926818813504,103.029936271065,4908.29618091916,6765.51015457397,20.5502370945184,97.8494903886091,87183.7022375514,49.5862178432677,0.000600684782171545,967.8,131.119489582519,120172.5,8.7716141264415e-06,0.000281716302000947,60.81604,9.31145409774452e-06,9.86526941848531e-08,2.60092004382706e-05,Sau_CFCC_Pin_3,180,1.8,0.9,800,10
4.4,31,0.906,2.79,41,0.495,0.657,69,1.06,0.188,2,3.7,3.2,1,0.877,4.3,1,1.47,2.46,14,1.1,3.22,88,1.04,4.13,1,0.984,1.15,0.1,88,26,0.260342546229395,0.208747750302928,0.208747750302928,0.14850091679747,0.260342546229395,0.364998121307033,0.32337450509299,0.260342546229395,0.260342546229395,7703185.92418831,3584431.89331992,33795313.7963893,62185909.2926121,6834114.06884471,13746622.5933681,26155836.9232487,6834114.06884471,6834114.06884471,3.78347544997987e-06,3.39681606951569e-06,3.25599148411466e-05,2.7330139797365e-06,1.72666083121091e-06,2.59735198988242e-06,2.57800697877222e-05,1.72666083121091e-06,1.72666083121091e-06,6.53119130595935,8.60086151512242,9.87519272846925,13.7074148410606,9.21117290274259,7.23790433937146,8.09268090523985,6.11334689871427,6.11334689871427,111.068790593946,15283.4753979817,21512.9117591555,65.3454694684347,108.115930911493,104280.433598337,52.1673141919344,0.000994184838750967,959.6,131.717883030366,146784.4,3.36942410531394e-06,0.000444173205880684,52.43293,2.51506036728425e-05,2.29620373006778e-07,3.87802952631633e-05,Sau_CFCC_Pin_3,180,1.8,0.9,800,10
5.67,16,0.741,2.58,58,0.921,0.669,96,0.982,0.18,26,0.266,10.9,1,1.21,7.06,1,1.15,1.67,27,1.14,2.45,94,1.13,4.88,1,0.977,1.15,0.1,65,59,0.308891825237905,0.245944216508253,0.245944216508253,0.094453367271018,0.308891825237905,0.561142680878897,0.321518545528727,0.308891825237905,0.308891825237905,1284705.99105512,5493380.69247783,62458897.3221703,71241486.2824948,1086801.47909362,16892481.3003323,53648314.7538837,1086801.47909362,1086801.47909362,3.50506209452346e-06,1.34710152732555e-05,8.26270121381864e-05,2.98658404429417e-06,1.56402589667385e-06,5.41602943255027e-06,7.0633380850632e-05,1.56402589667385e-06,1.56402589667385e-06,5.47907003909845,8.16807437226117,11.0586047806399,15,7.86714173764716,0.290836205014606,8.81441826154834,4.76931573361884,4.76931573361884,104.495701492856,5564.14002982844,9389.31247228282,28.5200366345591,106.060204887893,86359.2876629139,49.2265421089071,0.00126726913868734,909.6,132.179289883102,145728.6,7.66453784056928e-06,0.00185771024034871,71.63721,1.76080901194918e-05,4.14119877031327e-07,5.70983719788698e-05,Sau_CFCC_Pin_3,180,1.8,0.9,800,10
8.01,65,0.995,0.18,27,0.854,0.18,33,1.02,0.255,137,0.22,0.587,1,1.01,5.6,10,0.959,5.19,7,1.1,3.17,200,0.961,1.24,153,0.981,1.15,2.9,58,6,0.385228441772322,0.27738151383155,0.27738151383155,0.207886367083261,0.385228441772322,0.589875501873439,0.642294574567232,0.385228441772322,0.385228441772322,639057817.127394,1140814293.60491,924758747.537783,368837073.546386,519780608.205834,29384129.1654079,39955315.2253394,519780608.205834,519780608.205834,9.87525183564725e-05,0.00016836634917206,0.000201973656499694,8.06360686165071e-05,4.12151153430027e-05,6.36509005096884e-05,6.57794485644078e-05,4.12151153430027e-05,4.12151153430027e-05,6.27343713071358,7.54473345180034,7.66341866035247,12.5114545937928,7.10768259635539,-1.63266163451265,-1.67834856903294,5.79835308662029,5.79835308662029,105.446328824489,18550.5203902909,10801.5761853404,32.8097876629714,85.0962861128235,2739730.15734772,80.9649947199405,0.00112273821907319,1060.8,125.377386679223,1595287,7.29334345159638e-05,0.000187090605421683,49.39831,1.47875320614949e-06,1.26642036043068e-06,0.000128648813220944,Sau_CFCC_Pin_3,180,1.8,0.9,800,10
8.01,40,0.976,0.18,27,0.911,0.18,33,1.02,0.269,85,0.22,0.587,14,1.01,5.6,10,0.959,5.19,7,1.11,3.18,200,0.999,1.24,153,0.981,1.15,1.84,55,11,0.208381338760833,0.27594859132718,0.27594859132718,0.171418640180254,0.208381338760833,0.592883168181614,0.636507939387046,0.208381338760833,0.208381338760833,54553380.5874108,1093395005.45038,903529811.848773,335567741.18077,49530017.1419008,29666726.1430925,39323171.8814563,49530017.1419008,49530017.1419008,7.83291731203554e-05,0.000172005720464326,0.00019711856409577,4.75273206701887e-05,3.57550765058108e-05,6.43664612787347e-05,6.51725697070493e-05,3.57550765058108e-05,3.57550765058108e-05,10.0738127044595,10.0095307498198,15,10.4335156890876,11.7386526984894,-0.902519863056877,-1.38093978634304,6.97804974743962,8.78015374371647,103.775070399134,13794.0049399933,8448.80568654798,25.6632472728895,85.4412570678861,1835665.26177012,70.6258469683727,0.000830493826861978,1050.6,125.132488313611,1124342,6.57170537331658e-05,0.00015949337810305,47.92406,1.54973282705939e-06,1.65218330153205e-06,0.000137390454022945,Sau_CFCC_Pin_3,180,1.8,0.9,800,10
8.01,40,0.932,0.314,27,0.877,0.18,33,1.02,0.269,99,0.22,0.587,14,1.01,3.27,10,0.887,4.98,13,1.11,3.38,200,0.993,1.24,84,0.997,1.15,1.4,54,19,0.194380539351138,0.306090067062505,0.306090067062505,0.152819614096302,0.194380539351138,0.501192545771433,0.616395199135067,0.194380539351138,0.194380539351138,42909373.3915954,573428946.616158,1447636968.3879,228582502.157106,38854143.0258559,59661718.3937314,40275780.4209675,38854143.0258559,38854143.0258559,6.05566291851793e-05,0.000121912417791725,0.000324355548314544,3.72795761120952e-05,2.75643931209739e-05,6.55669511239809e-05,0.000117967226811828,2.75643931209739e-05,2.75643931209739e-05,10.6732265518681,5.09384394275155,6.63508829673981,12.8885930968235,12.1705744172059,0.464627389030777,-0.870930600773709,10.4177243615114,9.16319059381117,107.354944973244,11622.3079323156,10498.252908271,31.8884432088731,101.232097526979,1425413.27573611,68.7997060022788,0.00167767618490478,1005.2,125.929302710993,1287554,6.05652332209996e-05,0.000205324767856552,53.24999,1.39160746907419e-06,1.18355385757329e-06,9.0301064289755e-05,Sau_CFCC_Pin_3,180,1.8,0.9,800,10
8.01,27,0.747,0.314,42,0.92,0.18,33,0.925,0.18,58,1.57,1.63,8,0.981,3.28,9,1.06,2.8,13,1.29,1.78,181,1,0.518,84,0.979,1.15,1.4,54,21,0.256778764672589,0.345794332405711,0.345794332405711,0.145068666237487,0.256778764672589,0.643377471750821,0.602446444702959,0.256778764672589,0.256778764672589,24682029.6035817,873651120.403743,2575915121.88309,70638440.3393271,21849995.7216403,97978832.0197721,119340617.281554,21849995.7216403,21849995.7216403,5.38300216274742e-05,0.000330256711333118,0.000546768256887161,3.796343746667e-05,2.43495793395196e-05,0.000127446642077863,0.000228324225897527,2.43495793395196e-05,2.43495793395196e-05,5.19712546185038,8.2441243007,13.2567383137515,15,9.26909351753271,-1.72398021113388,-0.906647093138078,8.96121502327001,6.71930981086767,113.609592628073,5795.34224251856,6153.84879979917,18.69231572939,101.19581834125,1499086.7633068,56.5831172347371,0.00113111242000048,1003,125.100808412247,1591822,0.000127738747545643,0.000222625589287138,53.07531,1.94862840820228e-06,8.94986837267076e-07,9.89936820611215e-05,Sau_CFCC_Pin_3,180,1.8,0.9,800,10
8.01,27,0.747,0.314,41,0.92,0.18,33,0.925,0.36,58,1.81,1.63,8,0.981,3.28,9,1.06,3.01,13,1.29,1.78,172,0.965,0.744,84,0.979,1.15,1.4,55,21,0.256778764672589,0.341048053592846,0.341048053592846,0.191653762697429,0.256778764672589,0.627686518438395,0.601117471205556,0.256778764672589,0.256778764672589,24410115.7927653,834743217.762398,2423741327.96127,40851739.4732392,21849995.7216403,93719535.8384215,103108085.923535,21849995.7216403,21849995.7216403,5.34025233452281e-05,0.000304646975109039,0.000511518542149922,3.48409906639696e-05,2.43495793395196e-05,0.000121116281766615,0.000211685489373736,2.43495793395196e-05,2.43495793395195e-05,7.08873189589864,8.52733115993654,13.6257752157057,13.5606674953535,9.81713581489599,-1.20566497156261,-1.49788462752089,6.71930981086767,6.71930981086767,109.81780524724,6558.74844420466,6514.10863670109,19.7866049839796,98.6867627814717,1559519.31807443,57.079953118411,0.00109560573296569,994.2,126.67556717602,1548905,0.000117420724873273,0.000228439714366058,51.9867,3.2479658132471e-06,6.98126238213304e-07,7.90391220087949e-05,Sau_CFCC_Pin_3,180,1.8,0.9,800,10
4.38,26,0.627,0.18,24,1.15,0.18,37,1.09,0.406,16,1.22,14.9,1,0.692,3.56,3,1.81,3.67,19,1.04,3.57,149,1.03,4.43,135,0.884,1.15,1.8,100,7,0.68120681788871,0.254999829472572,0.254999829472572,0.410635143617479,0.68120681788871,0.570510659985508,0.454152063685757,0.68120681788871,0.68120681788871,5572456.38486146,740346008.468024,628136279.503192,220330520.566076,4746114.40280828,66387253.1946387,37421437.1741807,4746114.40280828,4746114.40280829,1.91072074465612e-05,0.000128732385081582,0.000161848874383204,3.88807053402026e-05,8.55330402929674e-06,5.14826942575454e-05,9.60811149183732e-05,8.55330402929674e-06,8.55330402929675e-06,-3.43759419523286,9.55114470991225,7.15220247864218,13.1610975502958,-2.59079401814034,-0.255659286149351,3.22699184981703,-3.83317082249215,-3.83362858616402,97.5161126043347,19240.9690496571,12775.7552670374,38.806356623626,81.431417198742,2168771.04540977,60.334454667296,0.000507567461936789,974,125.041061862649,1440036,5.56623756502026e-05,0.000169489497815538,46.13018,1.28943196012723e-06,1.94588991801303e-06,0.000182069006284036,Sau_CFCC_Pin_3,180,1.8,0.9,800,10
4.37,28,0.575,0.18,24,0.982,0.18,37,1.05,0.406,17,1.29,14.9,1,0.692,3.56,3,1.88,3.77,19,1.04,4.56,149,1.03,4.43,135,0.884,1.15,1.8,100,10,0.681218456241568,0.246794258307022,0.246794258307022,0.406397631952473,0.681218456241568,0.532924901153382,0.440202353742568,0.681218456241568,0.681218456241568,5573256.83380314,684847520.148424,551650017.323027,200093464.580965,4746193.47832075,57611631.3406981,32595928.4305883,4746193.47832075,4746193.47832075,1.91087704338367e-05,0.000101047713982347,0.000136271561981245,3.92066482493443e-05,8.55349132874817e-06,4.52065778982712e-05,8.41241189334874e-05,8.55349132874817e-06,8.55349132874817e-06,-3.44801353428543,11.6978520750895,10.850254228484,12.2144041741791,-2.49171096765745,0.859543706610747,4.25381949786614,-3.84409839594114,-3.83286792719114,96.953682615063,20795.3400946406,14039.7524105748,42.6457479471209,80.7995127653869,2053933.01162899,61.5487741551365,0.0005419788351355,969.6,125.34854028435,1386691,4.8774768883856e-05,0.000172909142784412,49.31923,2.22470651831386e-06,2.15170643327267e-06,0.00019087107768323,Sau_CFCC_Pin_3,180,1.8,0.9,800,10
4.38,26,0.627,0.18,24,1.14,0.18,37,1.09,0.406,16,1.22,14.9,1,0.692,3.56,3,1.81,3.67,19,1.04,3.57,148,1.03,5.45,135,0.884,1.15,1.8,100,13,0.68120681788871,0.254991530730604,0.254991530730604,0.410645118423675,0.68120681788871,0.569623394013079,0.454137472694807,0.68120681788871,0.68120681788871,5572454.90214512,742191083.146744,628043566.999109,220375143.482313,4746114.40280828,66179694.8424884,37418195.4725597,4746114.40280828,4746114.40280829,1.91072052270841e-05,0.000127925397406706,0.000161824267663625,3.88895066075194e-05,8.55330402929674e-06,5.12935750722823e-05,9.60706893102328e-05,8.55330402929674e-06,8.55330402929675e-06,-3.43713649862274,9.30411373339284,8.25915711650972,8.45642672881349,-2.59079401814034,0.223205495761746,3.12294929474429,-3.83317082249215,-3.83317082249215,97.2910495992018,19329.3161841007,12489.9205068078,37.9381335394286,81.1265292217034,2172054.80981079,62.2894832214877,0.00052336399427896,967,124.767123165312,1403505,5.54918574950988e-05,0.00017144489839449,45.9022,1.22336403215391e-06,2.00348717412702e-06,0.000188884266461464,Sau_CFCC_Pin_3,180,1.8,0.9,800,10
8.01,65,0.995,0.18,27,0.854,0.18,33,1.02,0.255,137,0.22,0.587,1,1.01,5.11,10,0.959,5.19,7,1.1,3.17,200,0.961,1.24,153,0.981,1.15,2.9,69,35,0.385228441772322,0.277031646849542,0.277031646849542,0.207886597578321,0.385228441772322,0.577511537495457,0.641221641524228,0.385228441772322,0.385228441772322,639058190.265538,1141335288.59986,919538025.789872,368839087.307669,519780608.205834,33752215.4673104,39839142.6271668,519780608.205834,519780608.205834,9.87525671813132e-05,0.000168332249597805,0.000200778746610458,8.0636525687252e-05,4.12151153430027e-05,6.63058432357425e-05,6.55607730976109e-05,4.12151153430027e-05,4.12151153430027e-05,5.43099285213702,12.3951552107779,11.0151128783651,13.1625879519141,3.10381878486247,-0.655203886189831,-1.16233454655384,1.90065277686687,1.90065277686687,105.412637696865,19409.0057143721,10781.2338362946,32.7479977777449,85.0843464648487,2864025.53110653,80.9069352404354,0.000944404970692056,960.4,125.177892512853,1590897,7.28699664692701e-05,0.000189175702107906,49.26962,1.45936239129809e-06,1.27191538636329e-06,0.000128955824979404,Sau_CFCC_Pin_3,180,1.8,0.9,800,10
4.37,21,0.633,0.18,24,0.982,0.18,37,1.05,0.406,17,1.29,17.3,1,0.692,3.56,3,1.25,2.06,19,1.04,4.56,166,1.03,4.43,135,1.01,1.15,1.8,100,18,0.709775028226335,0.267767643205641,0.267767643205641,0.417004304528663,0.709775028226335,0.640070451342882,0.427185811729791,0.709775028226335,0.709775028226335,4444523.76252813,916815887.833519,783928975.842571,199405884.665465,3800199.78890698,82531341.8988218,96034231.4857362,3800199.78890698,3800199.78890698,1.77871263967826e-05,0.000137594272036154,0.000196218026240921,3.90355650235099e-05,7.9866102896766e-06,4.56333193868805e-05,0.000132032173365424,7.9866102896766e-06,7.9866102896766e-06,-5.6238026524253,13.1296607504715,13.6234454523475,9.26019268467859,-2.89034684670032,-1.35563364709597,4.93467737617379,-5.98817285072864,-5.98817285072864,97.7642012987208,15960.928263019,11550.5778942531,35.0848803537939,81.9576784766906,1957806.31155419,62.3301875498542,0.000491962908147964,957.2,125.162713050464,1416822,6.05740415406657e-05,0.000197862046870935,56.97599,2.49649818962567e-06,1.88768208160162e-06,0.000180578095875461,Sau_CFCC_Pin_3,180,1.8,0.9,800,10
4.37,26,0.778,0.18,13,0.982,0.239,55,0.747,0.194,113,0.22,1.33,29,1.01,2.92,2,1.05,3.27,11,1.29,2.21,197,1.05,0.18,155,0.991,1.15,2.72,100,39,0.211949309424638,0.375860575010136,0.375860575010136,0.140194552623083,0.211949309424638,0.981153796483805,0.721505810734889,0.211949309424638,0.211949309424638,18698912.5563227,3501120515.28665,1951742388.46227,472076397.010671,16896533.2198198,234570796.448981,120310570.781137,16896533.2198198,16896533.2198198,0.000110629099200201,0.00032452603708413,0.000692931197193647,7.57769127851949e-05,5.06037709019019e-05,6.33030453002726e-05,0.000237017295126945,5.06037709019019e-05,5.06037709019019e-05,7.97084685729819,12.4905467146709,11.6081633579662,15,10.8644930931522,-4.25484215092,-2.39167791845661,7.76666708912388,7.76666708912388,116.413848480058,7922.37741654432,6591.1707254153,20.020681078449,84.8422146987927,2745191.9315577,53.1514369984481,0.000965436178397245,933.200000000001,124.802868027194,2283914,0.000171116606202161,0.000301122514203616,48.3422,6.40212942048997e-07,9.33305750872582e-07,0.000119083627988181,Sau_CFCC_Pin_3,180,1.8,0.9,800,10
3.71,29,0.816,0.449,19,0.611,0.295,47,0.801,0.195,14,3.41,3.2,1,1.19,2.85,2,1.45,2.71,11,1.24,2.11,149,1.04,4.13,124,0.959,1.15,2.19,100,41,0.458771068611307,0.39671344281633,0.39671344281633,0.257937432849077,0.458771068611307,0.689934831899299,0.68204120179711,0.458771068611307,0.458771068611307,48599944.9044281,654512839.999757,1473194363.6097,198639928.286417,39072854.3532073,145585729.235004,158827318.420146,39072854.3532073,39072854.3532073,5.29306498519176e-05,0.000114218020239366,0.000585826038073176,5.73728871220469e-05,2.25075179207814e-05,5.09176039088653e-05,0.000247347637282546,2.25075179207814e-05,2.25075179207814e-05,0.618638801604078,9.60160672505802,8.68723365579115,14.705683334433,2.74180793419014,-1.83458459049956,-1.59883050066344,-0.356018069838184,-0.356018069838184,111.269432353601,11769.4082656703,10958.5111524673,33.2864776256193,98.3938932684645,2342037.36650428,58.1291371516901,0.000987346846429746,932.4,128.520286786754,2180674,9.82684631516081e-05,0.000246075503497309,44.97447,1.02412785721048e-06,2.08764485957746e-07,3.80842930334246e-05,Sau_CFCC_Pin_3,180,1.8,0.9,800,10
4.38,11,1.37,0.18,19,0.379,0.18,86,0.594,0.224,29,0.235,6.04,1,0.892,2.34,1,1.64,0.18,1,0.961,2.39,61,0.598,1.8,72,1.16,1.15,2.1,31,0,0.538019050018652,0.277253830707103,0.277253830707103,0.293447012680153,0.538019050018652,0.607622437566917,0.50458859577641,0.538019050018652,0.538019050018652,21119097.0551485,1530043224.92621,1090642135.38075,1035437253.76864,17407707.6759874,170344096.769224,21571565271.9753,17407707.6759874,17407707.6759874,3.55522246827023e-05,7.17874596206711e-05,0.000361175117738989,4.93657862327235e-05,1.54882835849771e-05,2.69616524966324e-05,0.00018431007423185,1.54882835849771e-05,1.5488283584977e-05,-6,7,7,15,1,7,15,2,2,97.6277621884863,34414.0384685133,35747.3769626971,108.582657524193,83.4612271443396,3644251.03336516,47.1949529081236,0.000655031613999913,1099.6,118.606285194073,3785444,5.2293488937079e-05,0.000417530173698305,51.61811,8.14302190762459e-07,1.94150134821602e-06,0.000204909743354964,Sau_CFCC_Pin_3,180,1.8,0.9,800,12
4.32,10,3.36,0.18,19,0.505,0.18,76,0.678,0.18,70,0.22,11,1,0.685,2.05,1,0.948,0.18,1,1.4,2.29,56,0.844,2.8,76,1.16,1.15,2.39,21,2,0.741012655078354,0.373119013329342,0.373119013329342,0.449792155573069,0.741012655078354,0.686607354279613,0.586073665060358,0.741012655078354,0.741012655078354,13265909.0304645,1010008826.0558,805069874.173214,747192877.988927,11182904.2974934,281391916.311417,13798709329.5739,11182904.2974934,11182904.2974934,3.1968942385326e-05,6.19505081168791e-05,0.000268655751283941,6.23354769109369e-05,1.43991668903197e-05,2.21141285410703e-05,0.000159069559278745,1.43991668903197e-05,1.43991668903197e-05,-1,1,-2,15,1,5,12,-2,8,101.577730939131,38084.8933279811,40502.7037421899,123.026962616902,82.9401587690774,3258008.12726617,55.5781116987614,0.000884510149644833,1084,118.110519420987,3464842,4.22449102981104e-05,0.000292401617685237,40.51327,1.50896406698616e-06,1.74962958856384e-06,0.000204037169137306,Sau_CFCC_Pin_3,180,1.8,0.9,800,12
4.36,10,1.84,0.18,19,0.392,0.18,32,0.898,0.19,50,0.22,11,1,0.826,3.09,1,1.21,0.18,1,0.762,2.36,73,0.58,3.01,43,1.2,1.15,1.84,28,4,0.678751093014283,0.388518497936552,0.388518497936552,0.43664078976129,0.678751093014283,0.734483079617605,0.6043352228425,0.678751093014283,0.678751093014283,10541729.1931372,1498674248.18116,995482430.967753,792283208.627093,8771223.97852251,154152460.208306,15762514015.2216,8771223.97852251,8771223.97852251,3.01737597574013e-05,7.42530125337955e-05,0.000188188614444865,4.80563991850656e-05,1.34797425581169e-05,2.36794723856365e-05,0.000100680563671982,1.34797425581169e-05,1.34797425581169e-05,-1,5,3,15,1,1,12,-7,1,98.6993165957344,32662.0683517378,34298.9387688278,104.183026510314,82.9205145587049,2479401.94691497,48.8529065665493,0.000718388775774909,1031.4,118.216037249969,2603658,3.7486787731333e-05,0.000271901284267841,42.04854,9.05679776263715e-07,1.78359522150451e-06,0.000212373610100403,Sau_CFCC_Pin_3,180,1.8,0.9,800,12
4.35,9,3.78,0.18,19,0.505,0.18,107,0.641,0.212,1,0.257,11,1,0.93,1.89,1,1.53,0.18,1,1.22,4.26,44,2.04,7.16,158,1.16,1.15,3.69,27,4,0.712209067710435,0.266551485365083,0.266551485365083,0.561200048665152,0.712209067710435,0.579330383608171,0.492519398486099,0.712209067710435,0.712209067710435,10755796.4697476,1134848618.78815,894476345.673838,14965533150.4715,9357813.78246393,235705969.81533,20065242136.129,9357813.78246393,9357813.78246393,3.69760461897956e-05,6.91774076963955e-05,0.000394943106166622,3.91281803659678e-05,1.67592037581187e-05,2.77922208542816e-05,0.00021437798749854,1.67592037581187e-05,1.67592037581187e-05,-1,13,-15,15,1,8,12,10,15,95.8592754275567,37025.0448639953,23075.4273600595,70.0916106061807,82.0976733532473,5159863.91245977,74.3974994741087,0.000665779710412367,1027.4,117.847707700397,3215825,6.88204687876675e-05,0.000347579428332539,44.80027,9.45194916034563e-07,2.05928514062703e-06,0.000246151269771566,Sau_CFCC_Pin_3,180,1.8,0.9,800,12
4.35,9,3.78,0.18,19,0.505,0.18,107,0.641,0.212,1,0.257,11,1,0.93,1.89,1,1.53,0.18,1,1.22,4.26,44,2.04,7.16,158,1.16,1.15,3.69,25,8,0.712209067710435,0.266551485365083,0.266551485365083,0.561200048665152,0.712209067710435,0.579330383608171,0.492519398486099,0.712209067710435,0.712209067710435,10755796.4697476,1134848618.78815,894476345.673838,14965533150.4715,9357813.78246393,235705969.81533,20065242136.129,9357813.78246393,9357813.78246393,3.69760461897956e-05,6.91774076963955e-05,0.000394943106166622,3.91281803659678e-05,1.67592037581187e-05,2.77922208542816e-05,0.00021437798749854,1.67592037581187e-05,1.67592037581187e-05,-1,15,-5,15,1,8,12,10,15,95.8592754275567,36897.7003253992,23075.4273600595,70.0916106061807,82.0976733532473,5142116.9930012,74.3974994741087,0.000614456659266285,1021.6,117.847707700397,3215825,6.88204687876675e-05,0.000347579428332539,44.80027,9.44212146497411e-07,2.05928514062703e-06,0.000246151269771566,Sau_CFCC_Pin_3,180,1.8,0.9,800,12
4.29,8,2.7,0.18,19,0.586,0.18,129,0.463,0.216,24,0.247,11,1,0.767,2.26,1,1.53,0.18,1,1.14,3.74,50,1.53,0.889,176,1.16,1.15,3.22,32,9,0.721042524060829,0.278072293768424,0.278072293768424,0.377518790238065,0.721042524060829,0.646520381691471,0.520528626954201,0.721042524060829,0.721042524060829,11079346.0014574,1256148420.46581,1219365438.03735,1639838386.26275,9552937.45140649,204877699.431618,22762248845.9783,9552937.45140649,9552937.45140649,3.14131476042894e-05,8.96326176786205e-05,0.000475116929357329,6.91183834660832e-05,1.4165742593092e-05,2.9721183283424e-05,0.000232579296753478,1.4165742593092e-05,1.4165742593092e-05,-1,5,2,15,1,7,12,11,-2,106.096953431659,26914.1007936885,26116.3955133228,79.3285513717179,84.9579088682852,4006672.50541204,52.1944839614303,0.000593812827666444,993.499999999999,119.903667882113,3887919,7.35155048107833e-05,0.000275505662640609,49.71032,7.82253061602799e-07,1.82131270107633e-06,0.000193812714602171,Sau_CFCC_Pin_3,180,1.8,0.9,800,12
4.13,9,1.73,0.18,19,0.475,0.18,122,0.581,0.205,31,0.244,11.8,1,0.685,1.92,1,1.97,0.18,1,1.05,2.43,66,0.493,1.31,122,1.06,1.15,2.68,34,1,0.709549156950622,0.502272880821028,0.502272880821028,0.411425242856172,0.709549156950622,0.567729542873112,0.577882999132447,0.709549156950622,0.709549156950622,12424925.1789399,1226408154.67945,1083635273.74431,1388887808.79292,10576270.9607262,231489660.053244,24857523421.465,10576270.9607262,10576270.9607262,3.34823342753736e-05,6.72084749680374e-05,0.000484266997235777,7.16974066064683e-05,1.51925186703978e-05,3.48314267336866e-05,0.000242102759760916,1.51925186703978e-05,1.51925186703978e-05,0,-3,0,15,1,2,10,-2,4,103.162241265071,32428.992515943,34464.958074143,104.687310150209,83.6808780594484,4215779.80102112,47.6076447642603,0.000653078583629693,1087.2,117.502944265726,4480456,6.4197694929375e-05,0.000448420389346447,49.93339,1.31995427069475e-06,2.19878793074169e-06,0.00021729069460108,Sau_CFCC_Pin_3,180,1.8,0.9,800,12
4.13,9,2.25,0.18,19,0.505,0.18,151,0.641,0.182,32,0.22,11,1,0.685,2.64,1,1.91,0.18,1,1.85,2.39,38,1.7,2.8,108,1.16,1.15,4.39,16,14,0.818088189825673,0.319847453350274,0.319847453350274,0.371031002831121,0.818088189825673,0.741389230616669,0.59808274795011,0.818088189825673,0.818088189825673,13512776.2629397,2277624688.60725,2001325100.51488,2056971547.67483,11746780.5490122,190988315.782385,29591585880.6028,11746780.5490122,11746780.5490124,3.47490134818989e-05,0.000145809489699101,0.0013032780658492,9.7336507511142e-05,1.57359542880777e-05,4.13410025802932e-05,0.000508804612802132,1.57359542880777e-05,1.57359542880779e-05,-1,3,0,15,1,2,12,-2,5,87.7367207436559,15028.57393526,16131.9248674711,49.0007217849434,84.8311946394738,4639189.22512048,53.4999704672816,0.00137365982553875,1012.7,116.807444546522,4979784,0.000152440121857454,0.000270166541853092,55.24923,5.51675959905307e-07,1.92068232749421e-06,0.000225028083294054,Sau_CFCC_Pin_3,180,1.8,0.9,800,12
4.08,8,1.82,0.18,19,0.525,0.18,145,0.463,0.197,28,0.23,11,1,0.747,2.73,1,1.53,0.18,1,1.75,2.82,40,1.62,0.18,200,1.16,1.15,3.22,31,17,0.725930753782692,0.310209365924382,0.310209365924382,0.353981960619712,0.725930753782692,0.765608822410118,0.550390689810595,0.725930753782692,0.725930753782692,11207795.384999,1960812259.19229,1944712300.93536,1644407280.70205,9666003.30512733,187887646.009007,25978675274.6003,9666003.30512733,9666003.30512733,3.09778077230572e-05,0.000129245921278204,0.000874635987367497,7.17950278888124e-05,1.39738795222767e-05,3.38038112257215e-05,0.000412649156126932,1.39738795222767e-05,1.39738795222767e-05,-1,13,14,15,1,12,8,8,-6,75.8429519549657,18741.0436953086,21643.8779941375,65.7432794071927,105.245574604228,4087806.26292482,45.5680739114569,0.000819092613790342,985.299999999998,116.797265734337,4720974,0.000107713838796202,0.000274875858515856,51.88106,6.94147237985415e-07,2.39469354430699e-06,0.000267470638839029,Sau_CFCC_Pin_3,180,1.8,0.9,800,12
4.13,10,2.37,0.18,19,0.406,0.18,196,0.641,0.192,43,0.22,11,1,0.847,1.5,1,2.21,0.18,1,1.96,1.54,35,1.5,0.75,93,1.16,1.15,4.89,33,63,0.7945656081304,0.334047879204698,0.334047879204698,0.366660398984239,0.7945656081304,0.64227785054569,0.674482810840136,0.7945656081304,0.7945656081304,12877502.183701,3070802367.45147,2411589046.98824,1698670055.1269,11248986.4877324,452443169.528618,33872490549.4696,11248986.4877324,11248986.4877324,4.07696131441297e-05,0.000162753616853029,0.00207038118357361,0.000109070374268841,1.85368347542625e-05,6.38867478375567e-05,0.000633585106965784,1.85368347542625e-05,1.85368347542625e-05,-5,3,11,15,1,2,12,-2,-4,86.0925031816481,13232.5483896924,16709.9499816161,50.7564730691589,90.0757478213964,6014563.63945192,48.7637717983341,0.00167485407611267,901.199999999997,114.30918677702,7595140,0.00022445826731256,0.000379334728932827,44.76537,8.02959901215642e-07,1.50884509528826e-06,0.000182203001775516,Sau_CFCC_Pin_3,180,1.8,0.9,800,12
