MOSFET_0_1_L_BIASCM_NMOS,MOSFET_0_1_M_BIASCM_NMOS,MOSFET_0_1_W_BIASCM_NMOS,MOSFET_10_1_L_gm1_PMOS,MOSFET_10_1_M_gm1_PMOS,MOSFET_10_1_W_gm1_PMOS,MOSFET_12_1_L_gm2_NMOS,MOSFET_12_1_M_gm2_NMOS,MOSFET_12_1_W_gm2_NMOS,MOSFET_13_1_L_BIASCM_NMOS,MOSFET_13_1_M_BIASCM_NMOS,MOSFET_13_1_W_BIASCM_NMOS,MOSFET_14_1_L_BIASCM_PMOS,MOSFET_14_1_M_BIASCM_PMOS,MOSFET_14_1_W_BIASCM_PMOS,MOSFET_15_1_L_BIASCM_PMOS,MOSFET_15_1_M_BIASCM_PMOS,MOSFET_15_1_W_BIASCM_PMOS,MOSFET_18_1_L_BIASCM_PMOS,MOSFET_18_1_M_BIASCM_PMOS,MOSFET_18_1_W_BIASCM_PMOS,MOSFET_21_1_L_BIASCM_NMOS,MOSFET_21_1_M_BIASCM_NMOS,MOSFET_21_1_W_BIASCM_NMOS,MOSFET_22_1_L_BIASCM_PMOS,MOSFET_22_1_M_BIASCM_PMOS,MOSFET_22_1_W_BIASCM_PMOS,MOSFET_28_1_L_gm3_PMOS,MOSFET_28_1_M_gm3_PMOS,MOSFET_28_1_W_gm3_PMOS,MOSFET_29_1_L_gm3_NMOS,MOSFET_29_1_M_gm3_NMOS,MOSFET_29_1_W_gm3_NMOS,MOSFET_4_1_L_LOAD_NMOS,MOSFET_4_1_M_LOAD_NMOS,MOSFET_4_1_W_LOAD_NMOS,MOSFET_6_1_L_BIASCM_PMOS,MOSFET_6_1_M_BIASCM_NMOS,MOSFET_6_1_M_BIASCM_PMOS,RESISTOR_0,RESISTOR_1,MOSFET_6_1_W_BIASCM_PMOS,CURRENT_0_BIAS,gen,index,av0,av10,av12,av13,av14,av15,av18,av21,av22,av28,av29,av4,av6,ft0,ft10,ft12,ft13,ft14,ft15,ft18,ft21,ft22,ft28,ft29,ft4,ft6,gm0,gm10,gm12,gm13,gm14,gm15,gm18,gm21,gm22,gm28,gm29,gm4,gm6,CMRR,FOML,FOMS,FOM_AW,PSRR,SR,chip_area,d_settle,fitness,gain,gbw,ivdd_27,noise,pm,settlingTime,tc,vos,Topo,Tech_nodes,VDD,VCM,CL,RUN
8,25,4.92,0.5,2,2.59,0.5,1,2.26,10,1,0.5,2.5,50,4.99,4,26,4.88,4.5,50,4.99,2,50,5,5.5,50,4.99,0.5,9,4.79,0.5,1,0.81,0.5,50,5,6,36,16,9.04,40.5,4.75,11.2,9,50,113,11,390,166,971,102,499,816,586,10,40,286,400,79800000,5390000000,10100000000,70300000,93900000,93600000,86900000,50000000,59300000,31100000000,11400000000,96000000,61300000,0.00171,0.000278,0.000177,3.14159265358979e-08,0.00225,0.000976,0.00314,0.000753,0.00163,0.00289,8.68e-05,0.00252,0.000321,82.7524700644851,0.0770906340119453,0.13571831344731,1.42974316435133,65.7185876985124,651330.797275166,148.086630051467,0.0408992594664695,-94.619558,84.6162817349322,1146670,0.000384040755535904,0.00327872494970525,36.67108,1.16497827742858e-06,6.22414181881026e-06,0.000165470932675937,"CLASSAB_NULL_Pin_3",40,2.5,1.2,0.1,0
8,43,4.93,0.5,2,3.33,0.5,1,0.5,10,1,0.5,4,50,4.97,4.5,1,0.5,5.5,50,4.97,2,50,4.93,6.5,19,4.99,0.5,10,4.89,0.5,1,0.5,10,11,4.82,3.5,36,50,10.3,39.3,4.98,10.4,9,63,180,11,205,166,839,10,499,907,558,503,61,10,1000,79800000,5390000000,10100000000,70300000,93900000,80000000,66400000,199000000,50000000,50000000000,13600000000,99500000,62500000,0.00282,0.000357,2.36e-05,3.14159265358979e-08,0.00201,3.14159265358979e-08,0.00243,0.00211,0.000354,0.00314,6.73e-05,0.000625,0.00289,47.0431704800802,0.0586581864520614,0.20404217491442,391201.921120479,42.3892042728658,301990.134178524,193.270962640537,0.133501666794255,-152.245921720218,92.4518443186494,1050471,0.000234013785817608,0.0037270708590954,51.86828,2.28124714856044e-06,0.000525140583683394,0.119015406079716,"CLASSAB_NULL_Pin_3",40,2.5,1.2,0.1,0
10,50,4.94,0.5,2,2.56,0.5,1,0.5,5.5,1,0.5,4.5,50,5,5,29,4.9,5.5,50,4.97,2,42,4.95,6,46,4.93,0.5,9,4.99,1,1,2.27,0.5,50,5,5,32,50,10.3,20.5,4.99,9.99,10,15,106,19,205,166,498,10,499,907,586,503,25,286,867,79800000,50000000000,10100000000,159000000,93900000,65600000,66400000,199000000,50000000,32400000000,1870000000,85800000,61300000,0.00314,0.000336,3.14159265358979e-08,3.14159265358979e-08,0.00201,0.000976,0.00243,0.00149,0.000883,0.00289,6.73e-05,0.000875,0.00234,99.0981582872914,0.0649342012989404,0.669678202051141,0.0946285243510735,66.6715312660239,364463.769830145,218.352959677674,0.0350340957288396,-24.5761362,93.1066111703744,3758781,0.000255128032082989,0.00240538375450008,53.98315,1.28767720667007e-06,1.52909546708546e-06,0.000295938509945914,"CLASSAB_NULL_Pin_3",40,2.5,1.2,0.1,0
7.88,1,7.94,0.5,1,2.71,0.5,1,0.5,4.12,1,0.5,3.58,46,4.86,5.04,23,5.01,1.5,1,4.99,8.97,50,4.82,10,50,4.78,0.5,11,4.66,0.5,1,1.24,1.77,33,4.8,4.81,4,50,10.9,18.2,5,10,27,39,114,14,265,35,413,194,969,737,586,10,20,870,983,54800000,49300000000,2460000000,102000000,95600000,64000000,134000000,50000000,50000000,26100000000,18100000000,87800000,80600000,0.000436,0.000447,0.000282,3.14159265358979e-08,0.000733,0.00152,0.000339,0.000691,0.00196,0.00299,0.000179,0.00141,0.00225,147.169392639258,0.0795629793617486,0.88464744156092,0.000439424088522174,97.5978582912959,615629.473105748,106.15417655467,0.0457784172327994,403,114.081620363622,6845081,0.000351710784248189,0.00203447627240226,66.94238,5.8554084538811e-07,2.15525517184956e-06,8.00650667387437e-06,"CLASSAB_NULL_Pin_3",40,2.5,1.2,0.1,0
8.5,36,4.92,0.5,3,3.97,0.5,1,1.58,9,1,0.5,9.42,50,4.98,5,50,5,0.5,16,4.66,4,38,4.94,5,50,4.94,0.5,6,4.68,0.5,1,2.05,0.5,50,4.96,3.5,36,50,11.6,5.42,4.98,10.1,12,48,176,10,317,10,405,249,781,693,191,1000,49,286,1000,69900000,3900000000,13200000000,125000000,84000000,86300000,62200000,197000000,54000000,34400000000,15500000000,98800000,61300000,0.00222,0.000432,0.000344,3.14159265358979e-08,0.00109,0.00153,0.000295,0.00314,0.00147,0.00314,0.000182,0.00147,0.00298,97.4700337483303,0.0728272145604044,1.37498680549161,0.438906315463268,63.3373893395809,193966.104027566,196.808714237963,0.0551987116381921,-26.4903408,95.3846655424282,3662104,0.000121062450972217,0.00328567414358401,57.82371,1.70424525455521e-06,3.99452037156411e-06,0.000733192878251909,"CLASSAB_NULL_Pin_3",40,2.5,1.2,0.1,0
6.61,1,8.54,0.5,1,1.98,0.5,1,0.5,2.99,1,0.5,3.58,50,4.85,7.34,17,5.07,1.5,1,4.99,8.97,50,4.81,10,50,4.58,0.5,11,4.66,0.5,1,1.42,1.77,17,4.8,5,4,50,11.1,18.2,5.01,9.89,36,55,114,14,265,63,413,10,1000,737,586,10,20,1000,1000,54800000,50000000000,50000000,161000000,63200000,76400000,93300000,50000000,50000000,26100000000,17600000000,87800000,80600000,0.000314,0.00048,0.000282,3.14159265358979e-08,3.14159265358979e-08,0.00152,0.000339,0.000691,0.00196,0.00282,0.000179,0.00141,0.00253,145.783667792118,0.0666117623365258,1.11890508188245,0.00070502781899957,94.5503827503893,565161.593822684,106.498877928361,0.0389878004513676,373.5,115.150350244905,9493251,0.000385655062326585,0.00213869970757232,73.7061,5.33277436964071e-07,1.58532276955059e-06,1.67410246960653e-05,"CLASSAB_NULL_Pin_3",40,2.5,1.2,0.1,0
7.9,4,0.5,0.5,1,4.1,0.5,1,0.951,1.5,1,0.5,1.32,40,3.23,1,50,6.27,0.772,1,0.5,0.5,1,2.57,0.591,50,4.9,0.5,38,5.15,0.5,2,3.16,0.5,34,5.81,0.5,18,1,8.4,42.6,4.61,15.4,53,53,551,10,263,957,555,759,710,820,314,557,67,10,861,500000000,30900000000,500000000,500000000,2050000000,500000000,1040000000,1250000000,931000000,354000000000,15400000000,659000000,1680000000,0.0314,0.00174,0.000467,3.14159265358979e-07,0.017,0.0314,0.00856,3.14159265358979e-07,0.00207,0.0171,0.000604,3.14159265358979e-07,0.0276,91.9419164318999,0.0488541249824486,1.11941597052687,1.86847837225705e-05,91.7549565893728,2217911.5895202,33.850487441099,0.10029646726489,381.5,142.898580200169,50819980,0.00206357524970978,0.00110806501579702,51.16502,1.59389577611039e-08,2.56552747970318e-07,1.31991233187634e-06,"CLASSAB_NULL_Pin_3",40,2.5,1.2,0.1,1
1.42,1,0.5,0.5,1,2.75,0.5,1,0.611,1.5,1,0.5,1,1,0.5,1,1,0.5,1,50,5,1,50,5,0.5,50,5,0.5,31,4.87,0.5,1,1.79,2.5,26,3.25,1,1,1,10,9.07,0.5,10.1,20,43,466,17,388,804,389,682,381,10,10,489,15,522,10,944000000,140000000000,10300000000,1190000000,823000000,500000000,862000000,1070000000,1380000000,24300000000,14700000000,500000000,798000000,3.14159265358979e-07,0.000581,4.97e-05,3.14159265358979e-07,3.14159265358979e-07,3.14159265358979e-07,0.025,0.0314,0.0314,0.00974,0.000264,3.14159265358979e-07,3.14159265358979e-07,41.2228035464785,0.351557634497471,0.1412004700954,826.747802097806,44.7166866532603,49342568.0863387,31.8216985718864,0.0279036232603743,-71.5595914,65.7563032302128,19818070,0.00637973346000717,0.00137613100032103,39.63665,1.6992432211018e-08,3.21432394336396e-05,0.000766479994644076,"CLASSAB_NULL_Pin_3",40,2.5,1.2,0.1,1
1.42,1,0.5,0.822,2,2.75,0.5,1,0.611,1.5,1,0.5,1,1,0.5,1,1,0.5,1,50,5,1,50,5,0.5,50,5,0.5,50,4.87,0.5,1,2.67,2.5,26,2.18,1,2,1,10,9.07,0.5,11.5,20,39,466,19,135,804,389,536,381,10,10,489,15,174,10,963000000,140000000000,10300000000,1740000000,823000000,500000000,862000000,1070000000,1380000000,24300000000,14700000000,514000000,579000000,3.14159265358979e-07,0.000361,1.87e-06,3.14159265358979e-07,3.14159265358979e-07,0.0118,0.025,0.0314,0.0314,0.00974,0.000264,3.14159265358979e-07,3.14159265358979e-07,32.2020841046851,0.27099172609518,0.178573027450165,79907.788784908,35.5626428369365,40659982.4623491,31.5185897527158,0.0426770930563163,-70.2200480840268,58.0877751005898,26793350,0.00682006438959222,0.00106564534557642,35.40195,1.13507911571571e-08,0.000149405422671435,0.00674249426575901,"CLASSAB_NULL_Pin_3",40,2.5,1.2,0.1,1
7.5,31,4.87,0.5,1,3.75,0.5,1,1.25,9,1,0.5,4.5,50,4.96,4.5,50,5,2,50,4.98,10,1,0.5,5,50,5,0.5,8,4.45,0.5,1,1.18,2,50,5,5,50,50,9.65,41.1,4.95,10.7,9,41,76,11,141,356,459,680,911,696,598,51,29,725,67,96100000,48900000000,14200000000,102000000,104000000,83500000,117000000,69000000,75100000,19000000000,9590000000,70100000,59900000,0.00232,0.000252,0.000142,3.14159265358979e-08,0.00132,0.0024,0.0025,3.14159265358979e-08,0.00152,0.00191,0.000105,0.0021,0.00196,73.7593316953144,0.175441060531811,0.172511696839652,5.55994538358246,63.7038514550092,1349275.03213125,260.346720739863,0.0419877442613577,-76.7292372,97.8070677943842,1326746,0.000349579984826715,0.00288454666387296,60.63066,6.26808273757919e-07,1.50564208200799e-05,0.000356356218758958,"CLASSAB_NULL_Pin_3",40,2.5,1.2,0.1,0
1,1,0.5,1,10,4.94,0.5,1,0.611,1.5,1,0.5,0.5,1,0.5,1,1,0.5,1,50,5,1,50,4.95,1.64,50,5,2.13,50,5.08,0.5,2,2.58,2.5,38,5,2.52,1,1,7.5,6.11,0.5,10.2,20,57,1000,19,392,804,598,483,381,10,10,489,17,398,170,1180000000,500000000,10300000000,1230000000,823000000,500000000,1220000000,1070000000,1240000000,500000000,5920000000,500000000,557000000,0.0231,0.000361,0.000196,3.14159265358979e-07,3.14159265358979e-07,0.0055,0.025,0.0314,0.0314,0.0131,0.000264,0.00336,3.14159265358979e-07,54.2385048576966,0.152092961436376,0.137925819017736,27.0472463233844,60.4509788533493,16971257.2469744,45.2450605038826,0.02757087770596,-82.7148344,88.2089982690628,15390420,0.00507203473893881,0.00107665523989073,38.55097,3.3641031350796e-08,6.13148533326946e-06,0.00106030689541603,"CLASSAB_NULL_Pin_3",40,2.5,1.2,0.1,1
8,48,4.92,0.5,1,4.14,0.5,1,0.5,9,1,0.5,4.5,50,5,4.5,26,4.92,5.5,50,4.97,2,50,4.93,6,46,4.93,0.5,9,4.99,1,1,2.27,0.5,50,5,5.5,36,50,10.3,43.2,4.98,9.99,10,53,180,11,205,166,498,10,499,907,586,503,54,286,791,79800000,45100000000,8570000000,125000000,93900000,82500000,66400000,199000000,50000000,32400000000,1870000000,99500000,61300000,0.00314,0.000278,3.14159265358979e-08,3.14159265358979e-08,0.00201,0.000976,0.00243,0.00211,0.000883,0.00289,6.73e-05,0.000875,0.00314,91.3726278921534,0.108878979528601,0.278089143476337,0.248988565841004,67.4175189192052,651473.69758898,237.773831613153,0.039217443934456,-66.0540474,90.62809652844,1663937,0.000271975737903755,0.00275836607634188,52.32487,1.99746141225747e-06,2.42555177619397e-06,0.000220048644498982,"CLASSAB_NULL_Pin_3",40,2.5,1.2,0.1,0
1,1,2.33,1,10,6.85,0.5,1,0.506,1.5,1,0.5,0.5,1,0.5,1,1,0.5,1.98,50,5,1,50,5,1.5,50,5,1.5,50,5,0.5,2,2.58,6.94,41,5,1.64,2,1,13.5,6.11,0.5,10.2,20,59,1000,19,278,1000,389,682,506,10,10,489,15,522,170,944000000,30500000000,10300000000,1230000000,823000000,500000000,1210000000,500000000,1180000000,500000000,5920000000,514000000,500000000,3.14159265358979e-07,0.000361,4.88e-05,3.14159265358979e-07,0.00196,0.0172,0.00259,0.0314,0.0314,0.00796,0.000264,0.00336,3.14159265358979e-07,69.5486638031179,0.16218782039214,0.254421026311301,38.9988715993982,55.1568768696814,16112468.147095,55.6107273824035,0.0498606437635032,-83.1241026,81.4355788430832,25275330,0.00451565915372854,0.000937314908928048,31.29507,1.94734755340111e-08,1.34889835712904e-05,0.00134054018330487,"CLASSAB_NULL_Pin_3",40,2.5,1.2,0.1,1
1,1,2.33,1,11,6.85,0.5,1,0.506,1.5,1,0.5,0.5,1,0.5,1,1,0.5,1.98,50,5,1,50,5,1.5,50,5,1.5,50,5,0.5,2,2.58,6.94,41,5,1.64,2,1,13.5,6.11,0.5,10.2,17,18,1000,19,278,1000,389,682,506,10,10,489,15,522,170,944000000,30500000000,10300000000,1230000000,823000000,500000000,1210000000,500000000,1180000000,500000000,5920000000,514000000,500000000,3.14159265358979e-07,0.000361,4.88e-05,3.14159265358979e-07,0.00196,0.0172,0.00259,0.0314,0.0314,0.00796,0.000264,0.00336,3.14159265358979e-07,70.4301419084022,0.282862392773992,0.261231183465757,33.6714779461248,55.5703068346897,28102943.8625028,55.6722821518931,0.0176123379622227,-90.690692675,81.7469665344277,25953840,0.00451599990609329,0.00092461465222365,29.47969,1.8356631409018e-08,1.30167315901952e-05,0.00129226727068188,"CLASSAB_NULL_Pin_3",40,2.5,1.2,0.1,1
10,37,4.92,0.5,2,2.61,0.5,1,2.69,8.5,1,0.5,4,50,4.96,4,50,5,0.5,50,5,10,1,0.5,3,50,4.97,0.5,4,3.77,0.5,1,1.76,2,50,5,7,50,50,11.4,35,5,9.49,11,35,10,17,232,356,655,961,291,885,1000,10,33,725,102,96100000,49300000000,10600000000,127000000,104000000,50000000,118000000,57200000,75100000,14200000000,14600000000,70100000,50000000,0.00205,0.000348,0.000223,3.14159265358979e-08,0.00175,0.0024,0.0025,3.14159265358979e-08,0.00256,0.00101,0.000258,0.00314,0.00188,72.7281740232411,0.344382849592646,0.337982389925563,7.0809420176646,62.8725403666775,2918318.84040286,304.854924513284,0.0504921920976171,-42.2911962,93.8229919047533,2864081,0.000385184269596626,0.00338109183664138,53.67835,3.43485089934021e-07,1.7164458046115e-05,0.000394669906457867,"CLASSAB_NULL_Pin_3",40,2.5,1.2,0.1,0
10,37,4.92,0.5,2,3.77,0.5,1,2.19,8.5,1,0.5,4,50,4.96,6.5,50,4.99,0.5,50,5,2.5,1,0.5,4.5,50,5,0.5,4,3.77,0.5,1,1.76,2,50,5,7,50,50,11.4,35,5,9.49,10,14,10,17,150,356,655,509,291,1000,751,10,33,725,102,96100000,49300000000,10600000000,127000000,104000000,50000000,118000000,57200000,75100000,19000000000,14600000000,70100000,50000000,0.00205,0.000503,0.000223,3.14159265358979e-08,0.00175,0.0024,0.0025,3.14159265358979e-08,0.00152,0.00101,0.000258,0.00314,0.00188,85.8347441645156,0.358446052240836,0.423397422865575,2.31004684276571,64.7698174284154,3190253.6240658,306.488066651868,0.045664815277805,-24.3869472,94.7726784135814,3768336,0.000404556076040129,0.00316326568492504,48.54676,4.25515095725999e-07,1.26539109665802e-05,0.00030750650247402,"CLASSAB_NULL_Pin_3",40,2.5,1.2,0.1,0
1,1,0.5,0.744,6,6.85,0.5,1,0.506,1.96,1,0.5,0.5,1,0.5,1.03,1,0.5,1.57,50,13,1,22,5.06,1.51,50,5.01,2.07,50,4.9,0.5,2,2.58,1.34,8,5,1.64,2,1,15.4,6.11,0.5,7.53,21,31,1000,19,16,1000,389,717,300,10,10,351,15,522,170,1090000000,500000000,2860000000,2040000000,500000000,500000000,1140000000,500000000,1180000000,500000000,5920000000,514000000,667000000,3.14159265358979e-07,3.14159265358979e-07,3.14159265358979e-07,3.14159265358979e-07,3.14159265358979e-07,0.0292,0.0314,0.0314,0.0314,0.00974,0.000264,3.14159265358979e-07,3.14159265358979e-07,71.058297484154,0.229476019771935,0.388213917324789,8.61553322761866,62.6047260385439,16855715.7530549,47.0709188353064,0.0369694161615211,-56.224674,93.927721961518,28515500,0.0033387754355666,0.000968289248418462,38.77938,2.04984736170831e-08,1.35548406090946e-05,0.000733208224185988,"CLASSAB_NULL_Pin_3",40,2.5,1.2,0.1,1
0.5,1,0.5,1,17,4.94,0.5,1,0.611,1.5,1,0.5,1,1,0.5,1,1,0.5,0.5,50,5,1,26,5,1.5,50,5,2.57,50,5.04,0.5,2,2.58,5.12,27,5,1,1,1,13.2,6.11,0.5,8.81,13,0,1000,19,392,804,389,682,576,10,151,489,15,522,170,944000000,500000000,10300000000,1220000000,823000000,500000000,841000000,1070000000,500000000,500000000,5920000000,514000000,500000000,0.00168,0.000182,4.88e-05,3.14159265358979e-07,3.14159265358979e-07,0.0192,0.025,0.0314,0.0314,0.00974,0.000264,0.0127,3.14159265358979e-07,78.3588051216031,0.306415027423305,0.392769370490135,0.347251703035802,63.8098426876929,18630300.6890708,46.4193440281097,0.0159395863882118,-69.3178024,107.3090109122,23880720,0.00276367597445977,0.00111723412216685,36.99926,2.8960219091937e-08,1.82787374624405e-06,0.000346237350649981,"CLASSAB_NULL_Pin_3",40,2.5,1.2,0.1,1
0.5,1,0.5,1,17,4.94,0.5,1,0.611,1.5,1,0.5,0.697,1,0.5,1.3,1,0.5,0.5,50,5,1,26,5,1.5,50,5,2.57,50,5.04,0.5,2,2.58,4.21,27,5.1,1,1,1,13.2,6.11,0.5,8.81,17,17,1000,19,392,897,409,682,576,10,151,489,12,757,170,944000000,500000000,10300000000,1220000000,823000000,500000000,699000000,1010000000,804000000,500000000,500000000,514000000,500000000,0.00168,0.000182,0.000127,3.14159265358979e-07,3.14159265358979e-07,0.0192,0.0308,0.0314,0.0314,0.00974,0.000264,0.0127,3.14159265358979e-07,83.8849956593068,0.30434266583376,0.466710824789277,0.646251149702456,65.864791162387,18517820.7092367,45.2025552375084,0.0163000922897779,-77.887365325,110.372936845395,28397160,0.00276569544017497,0.00109264459274373,30.8399,2.95199563247951e-08,4.68781208465496e-06,0.000361614397784926,"CLASSAB_NULL_Pin_3",40,2.5,1.2,0.1,1
10,46,4.91,0.5,2,4.13,0.5,1,1.39,8.5,1,0.5,3,50,5,3.5,50,4.99,4.5,50,4.99,0.5,1,0.5,4.5,40,4.99,0.5,6,4.53,0.5,1,1.27,2.5,50,5,5,50,50,9.74,53.4,4.97,8.74,12,35,379,17,150,356,787,1000,494,287,10,285,25,1000,67,81700000,34300000000,25100000000,127000000,158000000,58500000,96400000,76700000,75100000,13600000000,14600000000,69500000,52000000,0.00231,0.000551,0.000243,3.14159265358979e-08,0.00127,0.0024,0.00314,3.14159265358979e-08,0.00152,0.00175,0.000186,0.00149,0.00314,88.0668707305521,0.286499039547236,1.0472269124069,3.21488582445136,59.4527631083149,1112944.10980055,262.663377728986,0.0430628750906896,-18.4517388,91.8498639998498,4068094,0.000176574304427841,0.00347825973108612,54.2418,2.04996224736826e-06,1.4817438379775e-05,0.000659150588330881,"CLASSAB_NULL_Pin_3",40,2.5,1.2,0.1,0
3.4,31,0.5,0.525,10,3.64,0.5,1,0.73,1.25,7,0.5,1.57,1,0.5,1,1,0.5,1.39,19,5,1,50,5,1.5,50,5,1.5,50,5,0.5,2,2.58,2.5,26,4.96,1,1,1,10,6.11,0.5,10.2,15,12,1000,19,392,804,389,682,381,46,10,489,15,522,170,1080000000,500000000,10300000000,1820000000,500000000,598000000,862000000,1070000000,1300000000,500000000,5920000000,514000000,750000000,0.0178,0.00041,3.14159265358979e-07,0.00144,3.14159265358979e-07,3.14159265358979e-07,0.025,0.0314,0.0314,0.0126,0.000264,0.0171,3.14159265358979e-07,88.6784894491913,0.194634534639167,0.774714437690392,0.00209946122350732,82.4600526148698,12791707.5058009,40.1984452435663,0.174680402454573,-119.4341445,93.6044251618659,50915530,0.00298734883478728,0.0011888619478412,16.09722,0.000169021985821436,1.07470758676564e-06,7.35532476703327e-06,"CLASSAB_NULL_Pin_3",40,2.5,1.2,0.1,1
6.27,1,7.73,0.5,4,1.94,0.5,1,0.5,3.8,1,0.5,4.8,50,7.3,2.63,7,5.04,1.5,7,0.5,8.88,50,7.74,7.06,24,4.5,0.5,12,4.66,0.5,1,1.31,2.11,50,5.12,5.56,4,50,10.9,18.2,5.03,10.7,43,57,219,27,342,10,417,73,919,1000,597,10,10,269,703,53700000,29200000000,3780000000,50000000,126000000,60500000,247000000,148000000,50000000,18000000000,21400000000,142000000,50000000,3.63e-05,0.000653,4.82e-05,3.14159265358979e-08,0.000633,0.00135,3.14159265358979e-08,0.00295,0.00053,0.00283,2.05e-05,0.00244,0.00314,132.332308797795,0.277299080995369,0.845034256723428,0.000811078592265285,88.9590055995915,2262370.48167428,111.405603539499,0.0252059297251881,384,114.439953452341,6894291,0.000370845159403909,0.00190351361944377,55.31826,6.56326249722904e-07,3.6224964665954e-06,6.04613897192685e-06,"CLASSAB_NULL_Pin_3",40,2.5,1.2,0.1,0
9,9,4.57,0.5,1,3.4,0.5,1,1.41,7.3,1,0.5,5.51,26,4.84,3.5,50,4.96,1.5,50,4.98,9,18,4.95,4.4,50,4.96,0.5,7,4.69,0.5,1,0.741,2,50,5,4.5,31,50,10.1,13.2,4.96,9.97,13,17,74,23,275,35,250,1000,914,10,860,141,10,762,1000,64300000,50000000000,7580000000,111000000,50000000,59400000,142000000,132000000,101000000,23700000000,26600000000,80000000,81900000,0.000529,0.00044,0.000314,3.14159265358979e-08,0.000701,0.00165,0.00123,0.00122,0.00197,0.00314,0.000132,0.00145,0.00175,72.4637907082759,0.253723096242273,1.91713082637725,0.97785485036116,63.3339971854787,639399.184741859,198.57867181548,0.0555621351099479,-3.3402996,91.3170979927625,4831298,0.000114548496912146,0.00359939796872643,45.63267,3.69223166682029e-07,5.71419211844448e-06,0.000640932503501057,"CLASSAB_NULL_Pin_3",40,2.5,1.2,0.1,0
1,31,0.5,1,10,4.94,0.5,1,0.785,0.5,7,0.5,0.926,1,0.5,0.978,32,0.5,1,26,2.28,1,39,5,1.5,24,5,1.5,50,4.6,0.5,2,2.58,2.5,9,4.98,1,1,1,7.96,6.11,0.512,8.24,18,3,1000,19,517,804,389,514,381,46,104,492,12,522,10,750000000,500000000,44700000000,1820000000,823000000,991000000,862000000,1070000000,1300000000,500000000,5920000000,514000000,750000000,0.0178,0.00058,8.99e-06,0.00134,3.14159265358979e-07,0.0201,0.0203,0.0314,0.0221,0.00756,9.49e-05,0.0201,0.00667,77.1265913305953,0.214899939742349,1.17577851634299,4.20512981642714,50.2241646473559,6556009.99884409,32.3716774356844,0.0423067181323569,-33.7845398,93.501592206146,35869790,0.00138669398814256,0.00118680267131518,42.36058,1.93484667327921e-08,3.88161273556009e-06,0.00206873182854994,"CLASSAB_NULL_Pin_3",40,2.5,1.2,0.1,1
7.88,1,9.1,0.5,1,3.11,0.5,1,0.5,0.5,1,0.5,4.24,50,7.67,5.25,8,5.05,1.5,1,7.66,8.97,50,4.84,10,50,4.86,0.5,12,4.64,0.5,1,0.708,1.77,35,4.79,3.51,4,50,10.2,24.9,5,9.33,38,59,115,10,253,10,360,10,937,1000,620,10,29,881,1000,54800000,31000000000,50000000,102000000,104000000,50000000,79400000,50000000,50000000,23900000000,18100000000,87800000,80500000,0.000346,0.000327,0.000188,3.14159265358979e-08,0.000152,0.00156,0.000686,0.000637,0.00178,0.00309,0.0001,0.00179,0.00191,129.760780155816,0.106376266513913,1.61637731509827,0.00148994410154426,83.0264018689295,562163.088851937,102.638041193312,0.0298433883905774,367.5,112.359831891717,8542015,0.000240212112273614,0.00185149966800513,64.1995,7.01334966808284e-07,2.07569261313045e-06,2.76484024779311e-05,"CLASSAB_NULL_Pin_3",40,2.5,1.2,0.1,0
4.24,15,5.93,0.5,2,4.05,0.5,1,1.79,1.1,2,0.5,0.5,50,6.62,1.23,50,4.97,1.32,1,1.66,2,38,4.94,1,35,4.98,0.5,32,4.88,0.5,2,2.45,5.93,50,4.99,0.803,18,32,19.5,6.11,5,10.7,22,30,481,23,10,883,988,1000,646,920,314,435,12,405,1000,565000000,302000000000,27700000000,519000000,1060000000,633000000,620000000,874000000,605000000,438000000000,14500000000,500000000,983000000,0.0204,0.000688,7.19e-05,3.14159265358979e-07,0.0155,0.00841,3.14159265358979e-07,0.0253,0.0142,0.01,0.000334,0.00717,0.0314,106.811241443965,0.128027866665512,1.22099182272742,0.0297079278877117,73.8622822840144,3339497.67429591,73.5325383758782,0.0386526373749094,-35.9399106,106.087699149675,31848530,0.00118564303838801,0.0010180154816013,70.69602,4.10914992345079e-08,4.98055155362054e-06,7.81449112770005e-05,"CLASSAB_NULL_Pin_3",40,2.5,1.2,0.1,1
6.39,18,0.5,0.5,1,5.28,0.5,1,0.976,1.5,1,0.5,0.5,23,3.16,1,50,8.54,0.5,1,0.5,0.602,1,8.45,0.945,50,5.01,0.5,38,5.06,0.5,3,3.32,0.5,35,3.21,0.5,18,20,18.6,86,4.12,13.4,46,52,10,10,119,978,647,353,844,843,314,267,51,10,881,500000000,52900000000,49500000000,500000000,500000000,500000000,1070000000,500000000,784000000,438000000000,22600000000,707000000,2030000000,0.0312,0.000823,0.000396,3.14159265358979e-07,0.00416,0.0284,0.00972,3.14159265358979e-07,0.00262,0.0161,0.000375,3.14159265358979e-07,0.0302,114.218616346979,0.261649919990151,1.74223339597339,2.35608696403352e-05,118.184966058308,12628191.7486434,46.7833560147196,0.0610854071681617,379,140.83890219884,84086620,0.00219380428577634,0.00107320339591825,45.50521,1.97402221594612e-08,5.25823638165557e-07,2.5231220128763e-06,"CLASSAB_NULL_Pin_3",40,2.5,1.2,0.1,1
2,50,5,0.5,2,3.29,0.5,1,1.45,10,49,4.92,5,50,4.99,4,50,4.99,7,50,4.97,8,8,4.58,6.5,50,4.99,0.5,7,4.37,0.5,1,1.68,10,1,0.5,4,1,50,10.3,12.1,4.97,10.6,10,63,1000,10,237,10,671,970,249,600,415,1000,35,313,563,77400000,29500000000,27100000000,80200000,71500000,53400000,50000000,66200000,50000000,50000000000,13400000000,56700000,104000000,0.00273,0.000477,0.000162,0.0025,0.00282,0.00278,0.00314,0.000389,0.00165,0.00197,0.000145,3.14159265358979e-08,0.00299,81.0883635645177,0.223930139702531,2.11410773639779,11119.4960612241,32.8946485651607,482328.248862277,99.7086756506173,0.0456718719408188,-73.094018291224,65.1001887201658,4553625,9.7905584933969e-05,0.0134779684149816,27.405,2.67222584127846e-06,0.000109435155272185,0.019818329188696,"CLASSAB_NULL_Pin_3",40,2.5,1.2,0.1,0
9,2,4.22,0.5,1,3.07,0.5,1,2.01,8,1,0.5,5.5,28,4.96,3,50,5.01,1.5,37,4.89,10,50,3.78,4.5,50,4.96,0.5,10,4.69,0.5,1,0.978,8.5,47,4.96,4,24,50,10.1,13.2,4.98,9.99,17,41,74,10,275,35,250,1000,922,10,373,10,10,762,899,64300000,31300000000,15400000000,85800000,66500000,64400000,142000000,90700000,88800000,23700000000,18500000000,112000000,93800000,0.000304,0.000243,0.000282,3.14159265358979e-08,0.000701,0.00165,0.000517,0.00303,0.00197,0.00272,0.000105,0.00218,0.00268,70.7329520731891,0.395585009406976,2.2848534131831,1.552044970594,63.2413281916236,989381.587809333,175.787354494002,0.0675897863388677,157.5,84.4454829963329,5714554,0.000113684516059866,0.00368530557773969,50.61439,2.08518936004325e-07,5.19671206609895e-06,0.000972636060381005,"CLASSAB_NULL_Pin_3",40,2.5,1.2,0.1,0
2.23,1,0.5,0.5,1,1.24,0.5,1,0.835,1.29,1,0.5,0.752,50,5.09,0.5,50,2.85,0.5,1,0.5,5.85,1,4.32,0.5,49,0.5,0.5,48,4.98,0.5,5,3.06,3.49,1,0.502,0.5,1,50,13.1,50.9,5,12.9,45,57,180,10,639,401,667,794,456,10,253,99,10,37,474,1000000000,104000000000,4920000000,1080000000,12900000000,1000000000,1900000000,1000000000,2500000000,1000000000,114000000000,1000000000,1000000000,6.28318530717959e-07,0.000497,0.00022,6.28318530717959e-07,0.0628,6.28318530717959e-07,6.28318530717959e-07,0.0437,0.0628,0.0591,6.28318530717959e-07,0.0211,0.0484,87.9393655392615,0.239540535559087,3.64201543439948,0.235760075997267,78.4500256185349,12565439.5142771,29.6163042934124,0.0287179397501894,377.5,99.8937585355507,191047100,0.00238438283618668,0.00256051461595861,51.16114,3.45510027141517e-08,5.48068879553054e-06,0.000185008479308912,"CLASSAB_NULL_Pin_3",40,2.5,1.2,0.1,2
3.47,1,0.5,0.5,1,1.44,0.5,1,0.835,1.29,1,0.5,0.752,50,5.09,0.5,50,2.85,0.5,1,0.5,5.95,1,4.59,0.5,49,0.5,0.5,48,4.98,0.5,5,3.92,3.49,1,0.502,0.5,1,50,13.4,54.2,5,12.9,49,63,180,10,697,401,529,794,567,10,253,99,10,40,474,1000000000,104000000000,5450000000,1190000000,21900000000,1000000000,1900000000,1000000000,2500000000,1000000000,114000000000,1000000000,1000000000,6.28318530717959e-07,0.000606,6.65e-05,6.28318530717959e-07,0.0628,6.28318530717959e-07,6.28318530717959e-07,0.0571,0.0539,0.0585,6.28318530717959e-07,0.0187,0.0484,90.9757577599367,0.23928824863195,3.50916282739026,2.1459567227113,68.4426762262971,13798388.1263015,30.0005663279879,0.0269659202029082,373,100.700906151685,202353400,0.00262110431194275,0.00258775463326352,47.75383,2.9392441722545e-08,1.74821689572247e-05,0.000404860658167916,"CLASSAB_NULL_Pin_3",40,2.5,1.2,0.1,2
9,9,4.57,0.5,2,3.4,0.5,1,1.94,5.46,1,0.5,5,40,4.85,3.5,50,4.96,1.5,50,4.98,9,1,4.95,4.5,50,4.96,0.5,10,4.69,0.5,1,0.982,2,50,4.91,3.57,31,50,10.4,13.2,4.97,9.22,14,33,74,21,275,35,445,1000,911,10,514,10,10,762,811,64400000,50000000000,16600000000,111000000,82200000,59400000,142000000,132000000,101000000,23700000000,33700000000,113000000,81100000,0.000529,0.00044,0.000184,3.14159265358979e-08,0.000701,0.00165,0.00123,0.00122,0.00197,0.00314,0.000132,0.00145,0.00175,99.3874389270926,0.318682285499081,2.0445247371715,0.0608319178815885,66.5192095911214,1177778.27144433,178.560230734618,0.0425220617458873,-8.073846,114.307245871005,7556105,0.000167989808065114,0.00275052514069471,41.33007,3.50853390262409e-07,3.0217753115247e-06,0.000273580067448931,"CLASSAB_NULL_Pin_3",40,2.5,1.2,0.1,0
1.85,1,0.5,0.5,1,1.44,0.5,1,0.566,1.03,1,0.5,0.946,50,4.88,0.5,50,4.05,0.5,1,0.5,4.77,1,7.31,0.5,50,4.51,0.5,47,4.94,0.5,1,15.7,2.78,1,0.506,0.5,1,50,23.68,60,5,14.7,70,53,180,10,822,483,348,10,432,10,10,356,10,58,762,1000000000,349000000000,12800000000,1730000000,28700000000,1000000000,2040000000,1000000000,3040000000,85600000000,126000000000,1000000000,1000000000,6.28318530717959e-07,0.000924,8.55e-06,6.28318530717959e-07,0.0628,6.28318530717959e-07,6.28318530717959e-07,0.0364,6.28318530717959e-07,0.06,0.000319,0.00664,0.0628,105.060702940062,0.368279978881991,2.22040030124739,0.00549821635146454,87.8154135896385,20888043.4210086,33.9283418398247,0.0145106471624988,400.5,113.022574013351,125936300,0.00257808345166923,0.00221162104120432,70.80655,2.5353390706549e-08,9.18852179904173e-07,5.12219893180621e-05,"CLASSAB_NULL_Pin_3",40,2.5,1.2,0.1,2
5.68,1,0.5,0.5,1,4.31,0.5,1,1.16,1.5,1,0.5,0.845,26,4.71,1,50,4.84,0.772,1,0.5,1.85,1,1.44,0.5,50,4.92,0.5,38,5.34,0.5,2,2.45,0.5,34,3.21,0.5,17,20,11.3,55.5,2.89,12,50,53,379,10,157,957,333,1000,532,816,314,506,70,56,929,500000000,34700000000,500000000,500000000,2050000000,500000000,871000000,1120000000,931000000,284000000000,4220000000,791000000,1390000000,0.0207,0.00122,0.000422,3.14159265358979e-07,0.0311,0.0314,0.00856,3.14159265358979e-07,0.00207,0.00751,0.000536,3.14159265358979e-07,0.0266,127.976531246066,0.146189418307512,2.52270615240632,1.65473145575792e-06,119.406156951018,4143911.98944354,38.2313183136548,0.0938946954951897,372.5,140.989401524599,71509090,0.00128846285910776,0.000941438736428328,54.93906,8.08371394434991e-09,1.88944811355674e-07,1.13359062803298e-06,"CLASSAB_NULL_Pin_3",40,2.5,1.2,0.1,1
9,2,4.19,0.5,1,3.36,0.5,1,1.74,8,1,0.5,5.5,28,4.96,3,50,5,1.5,37,4.89,10,50,4.98,4.5,50,4.96,0.5,11,4.69,0.5,1,1.13,8.5,47,4.96,4,13,50,10.1,13.2,4.98,9.99,12,33,74,20,161,35,80,1000,922,10,586,10,22,762,811,54800000,31300000000,16600000000,85800000,54700000,64400000,142000000,90700000,88800000,23700000000,18500000000,98200000,93800000,0.000108,0.00044,0.000282,3.14159265358979e-08,0.000701,0.00165,0.000517,0.00303,0.00197,0.00314,0.000105,0.00218,0.00268,92.3856113835077,0.399894406730292,3.75895848966052,0.060105786986044,71.1513767371049,949127.674601523,143.337311960285,0.05645722670676,-18.329058,92.8971975453484,8921684,0.000107883897101964,0.00302940367045977,36.66861,2.53777860660621e-07,2.3757704131e-06,0.000344875203867057,"CLASSAB_NULL_Pin_3",40,2.5,1.2,0.1,0
4.86,1,0.5,0.5,1,1.62,0.5,1,1.3,1.81,1,0.5,0.5,50,5.01,0.5,50,0.905,0.5,1,0.5,1,21,4.98,1.48,49,7.07,0.5,40,5.03,0.5,2,2.49,3,1,0.5,0.5,1,50,6.9,106,5,7.25,35,9,743,14,419,774,707,589,789,40,162,10,13,23,298,1140000000,231000000000,4030000000,1090000000,3560000000,1080000000,1000000000,1740000000,2160000000,303000000000,98600000000,1240000000,1640000000,0.00706,0.000299,2.31e-05,6.28318530717959e-07,0.0628,0.05,0.0628,0.0258,0.0143,0.0628,0.000191,0.0628,0.00373,57.6604108436253,0.378214116890031,4.13859060382347,1512.22129427207,58.4312261627557,8728326.32999594,39.5513135053692,0.0245603947177764,-4.4457831,76.0669569085967,95509310,0.00104898809481578,0.00217453869097148,48.59364,5.01093880475441e-08,0.00087193424571281,0.00195215505822,"CLASSAB_NULL_Pin_3",40,2.5,1.2,0.1,2
2.57,1,0.5,0.5,1,1.33,0.5,1,0.893,0.5,1,0.5,0.592,50,4.95,0.5,50,5.48,0.5,1,0.5,3.18,1,3.7,0.5,50,4.91,0.5,50,4.98,0.5,5,3.57,4.24,1,0.505,0.5,1,50,15.3,50.9,5,12.9,45,61,180,22,284,267,667,404,43,10,278,50,10,23,336,1000000000,1000000000,6250000000,1210000000,15900000000,1000000000,2010000000,1000000000,3360000000,1000000000,109000000000,1000000000,1000000000,0.0467,0.000497,0.000203,6.28318530717959e-07,0.0628,0.0038,6.28318530717959e-07,0.0513,0.0628,0.0606,6.28318530717959e-07,0.02,0.0484,92.7776876807449,0.312886084372903,4.36466512078945,0.237391317644169,79.1041891201641,15799092.1277558,31.8197847258588,0.0276669785018292,365.5,99.0285767473912,220392500,0.00229521409589356,0.00273495544204196,58.16783,2.8126201897593e-08,4.89071999498991e-06,0.000242540406196978,"CLASSAB_NULL_Pin_3",40,2.5,1.2,0.1,2
9.2,1,5.09,0.5,1,2.62,0.5,1,1.2,3.65,1,0.5,4.29,44,8.15,1.73,23,5.1,1.5,27,8.03,10,41,4.86,6.24,50,5.05,0.5,12,4.69,0.5,1,1.02,8.16,31,4.94,2.45,4,50,8.18,15.6,4.97,9.17,41,60,66,14,141,312,10,711,869,205,335,158,29,720,679,51600000,50000000000,5720000000,73700000,57200000,50000000,58500000,108000000,50000000,50000000,17900000000,87400000,84300000,3.14159265358979e-08,0.000388,0.000279,3.14159265358979e-08,0.000517,0.00192,0.000841,0.00314,0.00197,0.00314,4.8e-05,0.00314,0.0014,139.438328577627,0.232724240686581,4.38534202148208,0.000410988772565821,86.2734784821934,478683.856873717,97.5590764613934,0.0368915022760415,378,113.793101926042,9020085,9.34941588655834e-05,0.00272025094787183,51.3878,5.83087788663672e-07,1.01376718444457e-06,3.58851208239752e-05,"CLASSAB_NULL_Pin_3",40,2.5,1.2,0.1,0
4.06,1,0.5,0.5,1,1.6,0.5,1,0.678,1.64,1,0.5,0.77,50,4.59,0.5,50,2.74,0.5,1,0.5,4.16,1,5.89,0.5,50,1.59,0.5,43,4.97,0.5,1,9.85,2.34,1,0.526,0.5,1,50,19.3,64.1,5,13.6,70,55,181,10,1000,602,39,448,265,10,23,176,21,43,1000,1000000000,496000000000,8710000000,1280000000,1000000000,1000000000,2620000000,1100000000,3220000000,239000000000,54200000000,1500000000,2070000000,0.0268,0.000513,4.06e-05,6.28318530717959e-07,0.0592,0.0444,6.28318530717959e-07,0.0628,6.28318530717959e-07,0.0612,0.000223,0.0263,0.00747,106.031272737215,0.383560799103597,4.7508657422148,0.0638160770516323,74.256959177457,15531292.7820766,31.1242227212183,0.0323489097747679,392.5,113.088344315925,192373900,0.00184056310076692,0.00228198012240987,53.47639,2.5566005263574e-08,5.30206806654054e-06,0.000126047217990921,"CLASSAB_NULL_Pin_3",40,2.5,1.2,0.1,2
2.5,24,0.5,0.5,1,2.65,0.5,1,0.617,1.5,3,0.5,0.5,16,5,1,50,5.53,0.67,1,0.5,0.5,1,7.42,0.67,50,4.98,0.5,38,4.85,0.5,1,1.91,0.647,34,0.5,0.5,40,50,5.59,97.2,5,11,23,21,481,14,10,883,931,107,257,867,761,558,39,550,1000,500000000,118000000000,33900000000,806000000,1200000000,1320000000,663000000,1420000000,720000000,438000000000,20700000000,500000000,1180000000,0.000749,0.000531,0.000125,3.14159265358979e-07,0.0155,0.0265,0.00856,0.0104,0.00741,0.01,0.000334,0.0177,0.0314,98.0492316616805,0.333803859817761,6.99446156423088,3.05316163272118e-05,91.3708590592969,4428718.42798429,78.3537650658856,0.0533430797622863,264.5,118.38280709169,92798510,0.000603064875283637,0.000911375933857252,49.01232,3.85630147611767e-08,1.60241154439911e-07,1.50253883850482e-05,"CLASSAB_NULL_Pin_3",40,2.5,1.2,0.1,1
1.42,1,0.5,0.822,2,2.75,0.5,1,0.611,1.5,1,0.5,1,1,0.5,1,1,0.5,1,50,5,1,50,5,0.5,50,5,0.5,50,4.87,0.5,1,2.01,2.5,26,2.18,1,1,1,10,9.07,0.5,11.5,15,5,466,19,392,804,389,536,381,10,10,489,15,522,10,963000000,140000000000,10300000000,1190000000,823000000,500000000,862000000,1070000000,1380000000,24300000000,14700000000,514000000,750000000,3.14159265358979e-07,0.000361,1.87e-06,3.14159265358979e-07,3.14159265358979e-07,3.14159265358979e-07,0.025,0.0314,0.0314,0.00974,0.000264,3.14159265358979e-07,3.14159265358979e-07,33.9289947466997,0.447869162669276,0.103624789589782,30921.5956656257,36.9724191037799,65676791.0951278,31.5054201685996,0.0271309348577304,-69.4833989498084,59.6538531213283,15195830,0.00666558212748986,0.00101121858148306,47.96357,9.62187458038594e-09,0.00010308755299843,0.00388570178088199,"CLASSAB_NULL_Pin_3",40,2.5,1.2,0.1,1
1.42,1,0.5,0.5,2,2.75,0.5,1,0.611,1.5,1,0.5,1,10,0.5,0.5,1,0.5,0.61,50,5,1,50,5,0.5,50,5,0.5,50,4.87,0.5,2,1.79,2.5,26,4.97,1,1,1,10,9.07,0.5,10.1,18,19,466,20,550,804,389,682,381,10,10,489,15,10,10,944000000,76600000000,9130000000,1190000000,823000000,500000000,862000000,1510000000,1380000000,24300000000,14700000000,514000000,945000000,3.14159265358979e-07,0.000361,0.000194,3.14159265358979e-07,3.14159265358979e-07,3.14159265358979e-07,0.025,0.0314,0.0314,3.14159265358979e-07,0.000264,3.14159265358979e-07,3.14159265358979e-07,70.6266447427661,0.444496735710842,0.137328508667747,0.378301868756048,71.9215372391216,65615040.0882469,32.8588724700042,0.021352621188607,-73.801585,93.5886487886124,20271950,0.00670983965140578,0.00105455237631281,38.20907,1.2942329279743e-08,1.3905287951399e-06,0.000156490286062017,"CLASSAB_NULL_Pin_3",40,2.5,1.2,0.1,1
1.42,1,0.5,0.5,2,2.75,0.5,1,0.611,0.5,1,0.5,1,1,0.5,1,1,0.5,0.5,50,5.52,0.5,50,5,0.5,50,5,0.5,31,4.87,0.5,1,1.79,2.5,26,4.97,1,1,1,10,9.07,0.5,10.1,18,29,466,22,392,804,389,682,381,10,10,489,10,522,10,1010000000,140000000000,10300000000,1880000000,823000000,500000000,862000000,1650000000,1380000000,24300000000,14700000000,514000000,750000000,3.14159265358979e-07,0.000361,4.88e-05,3.14159265358979e-07,3.14159265358979e-07,3.14159265358979e-07,0.025,0.0314,0.0314,0.00974,0.000264,3.14159265358979e-07,3.14159265358979e-07,56.447884986575,0.719788288062537,0.173872793873237,21.5210388537462,61.0011592161022,130512405.728571,29.8042866044467,0.042655942533483,-98.803727825,75.9452815508722,31526710,0.00824184302100782,0.00138528001878201,25.02532,6.93364618761035e-09,1.140139853404e-05,0.000253930946437109,"CLASSAB_NULL_Pin_3",40,2.5,1.2,0.1,1
1,1,0.5,1,11,6.85,0.5,1,1.07,0.98,1,0.5,0.5,1,0.5,1.67,1,0.5,1.98,50,10.2,1,22,5,1.5,50,5,1.5,50,5,0.5,2,2.58,0.5,26,5,1.64,1,1,10,6.11,0.5,12.4,17,13,1000,19,16,1000,389,314,300,10,10,489,15,522,430,944000000,30500000000,10300000000,2040000000,500000000,500000000,1210000000,500000000,1180000000,500000000,5920000000,697000000,500000000,3.14159265358979e-07,3.14159265358979e-07,3.14159265358979e-07,3.14159265358979e-07,3.14159265358979e-07,0.0172,0.0314,0.0314,0.0314,0.0157,0.000264,0.00336,3.14159265358979e-07,59.8274004947494,0.441020002290202,0.211822905187131,3.53428988925464,66.5334798953334,37046317.2168185,45.7898460359936,0.0312115810041339,-75.8840786,93.2924258880855,17793430,0.00381824747428877,0.000833057136549924,39.49315,1.0572581260838e-08,4.25213760853027e-06,0.000608022064991998,"CLASSAB_NULL_Pin_3",40,2.5,1.2,0.1,1
1.42,1,0.5,0.5,2,2.75,0.5,1,0.611,1.5,1,0.5,1,1,0.5,1,1,0.5,1,50,5,1,50,5,0.5,50,5,0.5,31,4.87,0.5,1,1.79,2.5,26,4.97,1,1,1,10,9.07,0.5,10.1,12,1,466,19,392,804,389,682,381,10,10,489,15,522,10,944000000,140000000000,10300000000,1190000000,823000000,500000000,862000000,1070000000,1380000000,24300000000,14700000000,514000000,750000000,3.14159265358979e-07,0.000361,4.88e-05,3.14159265358979e-07,3.14159265358979e-07,3.14159265358979e-07,0.025,0.0314,0.0314,0.00974,0.000264,3.14159265358979e-07,3.14159265358979e-07,60.2178945746596,0.512297501543241,0.204433198231135,4.34810819727338,73.3811779883669,71946012.7323716,33.552876180739,0.0268332378976248,-100.8530116,77.1965107271154,28710180,0.00638354334379056,0.00139187810702906,25.52,1.01164016235941e-08,7.66936137986951e-06,0.000159137271560139,"CLASSAB_NULL_Pin_3",40,2.5,1.2,0.1,1
1,1,0.5,0.654,11,6.3,0.5,1,1.07,0.98,1,0.5,0.5,31,3.29,1.63,50,0.5,1.4,50,10.2,0.5,22,5,0.759,50,4.99,1.5,39,5,0.5,2,2.4,0.5,26,5,0.5,1,1,10,6.11,0.5,15.2,21,60,678,23,16,1000,1000,314,300,574,10,456,49,522,430,500000000,197000000000,10300000000,1610000000,500000000,500000000,1210000000,500000000,1180000000,500000000,5920000000,677000000,1460000000,3.14159265358979e-07,3.14159265358979e-07,0.000177,3.14159265358979e-07,0.00771,0.0172,0.0314,0.0314,3.14159265358979e-07,0.0157,0.000339,3.14159265358979e-07,0.0195,62.7716777255755,0.506197787168027,0.292146106189426,3.10396060973482,62.9893787708112,43968615.6655926,39.2130424731364,0.0310874240248295,-70.5219834,133.493311645279,25375970,0.00394820659040477,0.00104521585455746,35.10618,1.42191085241881e-08,6.49519966389511e-06,0.000650085219565888,"CLASSAB_NULL_Pin_3",40,2.5,1.2,0.1,1
8.5,8,4.39,0.5,1,4.72,0.5,1,2.15,10,1,0.5,3.5,47,5,4.5,50,4.99,4.5,50,4.97,2,50,5,5,50,4.99,0.5,7,4.61,0.5,1,1.44,9.5,50,4.94,2,21,50,8.83,27.4,4.98,10.5,10,32,76,10,550,403,669,764,512,728,620,535,46,725,67,73900000,26300000000,15700000000,82100000,121000000,86500000,96400000,69000000,75100000,10700000000,11600000000,96200000,112000000,0.000478,0.000316,0.000344,3.14159265358979e-08,0.00117,0.00314,0.0025,0.00117,0.00314,0.00215,0.000157,0.0022,0.00279,88.8861670729891,0.842946347884289,0.60421044296419,6.85044171433245,56.8012606389664,2920037.33589045,134.612257985668,0.0384538368181265,-57.5578872,85.2489268725679,2093036,0.000157458384090919,0.00428644618556726,65.75097,4.32033570091014e-07,1.01094775380106e-05,0.00107630953325488,"CLASSAB_NULL_Pin_3",40,2.5,1.2,0.1,0
10,43,5,0.5,2,4.98,0.5,1,1.39,8.5,1,0.5,3,50,4.98,3.5,50,4.99,4.5,50,4.99,7.5,1,0.5,4.5,40,4.97,0.5,4,3.77,0.5,1,1.27,2.5,50,5,5,50,50,11.4,58.3,4.97,8.74,10,56,379,17,150,356,787,1000,494,463,10,10,17,1000,67,96100000,48900000000,25100000000,127000000,158000000,58500000,96400000,76700000,75100000,19000000000,14600000000,69500000,59900000,0.00205,0.000664,0.000223,3.14159265358979e-08,0.00127,0.0024,0.00314,3.14159265358979e-08,0.00152,0.00101,0.000186,0.00149,0.00314,92.5487188000958,0.425620031987363,0.467643431681556,1.06316036235409,66.7051300877362,3041459.84926936,262.503238075266,0.0285668227160654,-68.0858134,97.2570046975206,3341757,0.000324815949853822,0.0033227732221861,28.97609,6.31025703882314e-07,1.046979914889e-05,0.000248010960985035,"CLASSAB_NULL_Pin_3",40,2.5,1.2,0.1,0
1,31,0.5,1,10,4.94,0.5,1,0.73,0.5,7,0.5,1.57,1,0.5,1,1,0.5,1,26,2.28,1,20,5,1.5,50,5,1.5,50,4.6,0.5,2,2.58,2.5,9,4.98,1,1,1,7.96,6.11,0.512,8.24,15,0,1000,19,517,804,389,514,381,46,10,489,15,522,10,939000000,500000000,46900000000,1820000000,823000000,991000000,862000000,1070000000,1300000000,500000000,5920000000,514000000,750000000,0.0178,0.000361,2.45e-05,0.00134,3.14159265358979e-07,3.14159265358979e-07,0.0203,0.0314,0.0221,0.00756,0.000264,3.14159265358979e-07,3.14159265358979e-07,58.2290571121224,0.445130089488907,0.538577977115957,3.4050076055774,52.2761582697303,25812567.5028848,33.6611348590626,0.0200619861546618,-37.16163,87.283737967634,31231500,0.00263585533884166,0.000985752144370162,60.29011,1.8276548023972e-08,2.48019378120023e-06,0.000833783123572074,"CLASSAB_NULL_Pin_3",40,2.5,1.2,0.1,1
1,1,0.5,0.654,11,6.85,0.5,1,1.07,0.98,1,0.5,0.5,1,0.5,1.63,50,0.5,0.703,50,10.2,0.5,22,5,0.759,50,5,1.5,50,5,0.5,2,2.4,0.5,26,5,0.5,1,1,10,6.11,0.5,15.2,20,21,1000,19,16,1000,1000,314,300,10,10,489,49,522,430,500000000,197000000000,10300000000,2040000000,500000000,500000000,1210000000,500000000,1180000000,500000000,5920000000,677000000,1460000000,3.14159265358979e-07,3.14159265358979e-07,0.000177,3.14159265358979e-07,3.14159265358979e-07,0.0172,0.0314,0.0314,3.14159265358979e-07,0.0157,0.000264,0.00336,3.14159265358979e-07,85.7537923650209,0.576885235004754,0.389659342617739,0.0458250946452196,86.4944991035571,50247579.3181488,34.9039238481865,0.0346600089341857,-60.1738764,127.797668566025,33939920,0.00395915988052433,0.000969772603151076,32.10231,1.13857436589222e-08,2.4126802222646e-06,0.000103579917980934,"CLASSAB_NULL_Pin_3",40,2.5,1.2,0.1,1
7.5,7,4.44,0.5,2,3.54,0.5,1,2.2,10,1,0.5,3,50,4.96,5.5,50,4.99,4.5,50,5,8.5,32,4.97,5,50,5,0.5,4,4.7,0.5,1,0.664,9.5,50,4.98,3.5,32,50,9.17,32,4.98,10.6,10,22,76,15,262,437,720,561,512,1000,409,535,40,725,10,89300000,50000000000,11600000000,82100000,140000000,66400000,96400000,107000000,83000000,19000000000,14400000000,96200000,135000000,0.000478,0.000472,0.000204,3.14159265358979e-08,0.00186,0.00263,0.00314,0.00137,0.00244,0.00121,9.56e-05,0.00222,0.00279,88.9386833362932,0.988619293851244,0.872730032576929,6.38831701851124,57.124657320393,2945811.9303552,191.193389007047,0.0564302949335525,-47.9933828,84.5069611284703,2600494,0.000135441967521443,0.00506172125003698,44.78038,6.22768407946463e-07,1.13739513641298e-05,0.000974148374601969,"CLASSAB_NULL_Pin_3",40,2.5,1.2,0.1,0
8,2,3.79,0.5,2,4.25,0.5,1,0.807,9.5,1,0.5,5.5,1,0.5,4.38,50,5,1.5,1,0.5,10,50,5.92,3.25,6,5,0.5,11,4.74,0.5,1,1.2,8,32,4.94,2.5,15,50,10.6,12.3,4.96,10.3,16,25,10,10,262,10,250,1000,1000,10,586,10,18,762,1000,57200000,38300000000,14800000000,124000000,50000000,64400000,159000000,107000000,60100000,46800000000,19500000000,121000000,90100000,0.00039,0.00057,7.17e-05,3.14159265358979e-08,0.000968,0.00165,0.000402,0.00314,0.0026,0.00254,0.000213,0.00157,0.00314,55.9231936888855,0.469147073402189,0.827776191197935,69515.0088516042,17.6076909522755,3509353.91436727,122.195963517622,0.039978029079085,349,91.2202139500019,6192002,0.000340012964079485,0.00211173343097789,50.66317,1.68673034131941e-07,0.000338892460355975,0.0229418563939461,"CLASSAB_NULL_Pin_3",40,2.5,1.2,0.1,0
0.5,1,0.5,1,10,4.94,0.5,1,0.5,0.5,1,0.5,1,1,0.5,1.38,1,0.5,1,50,5,1.26,50,5,1.5,50,7.18,1.5,50,5,0.5,2,2.58,4.21,26,5,0.5,2,1,10,6.11,0.5,10.2,19,44,1000,19,392,379,598,842,381,10,10,489,15,299,10,944000000,500000000,21400000000,1240000000,572000000,628000000,862000000,1070000000,1240000000,500000000,5920000000,500000000,986000000,0.000836,0.000361,0.000212,3.14159265358979e-07,3.14159265358979e-07,3.14159265358979e-07,0.025,0.0314,0.0314,0.00974,0.000264,0.00336,0.015,30.5719945778005,0.553445925331579,1.04389481028267,49171.1382662832,33.9646899670913,25789112.5143292,46.4840832974041,0.0881550899339683,-96.4177537071122,93.709245350517,48642730,0.00211806128360717,0.00096925322863806,20.16803,2.04450491109978e-08,0.000127597267715814,0.049582658512143,"CLASSAB_NULL_Pin_3",40,2.5,1.2,0.1,1
0.5,1,0.5,1,16,3.72,0.5,1,0.691,1.5,1,2.43,1,7,0.5,0.5,50,8.61,0.5,50,5.39,1,1,5,0.905,50,5,3.46,50,4.95,0.5,2,2.58,5.12,33,5,0.5,1,1,8.83,6.11,2.26,9.14,21,41,628,27,479,804,389,526,576,10,151,450,15,265,269,944000000,63200000000,10300000000,857000000,984000000,1300000000,841000000,1340000000,500000000,500000000,14900000000,514000000,987000000,0.0123,0.000182,0.000149,0.0015,0.0128,3.14159265358979e-07,0.0237,0.0314,0.0314,0.000615,0.000288,0.0127,0.0225,100.611318295145,0.47554372643264,0.775814480919501,0.00319312573105252,80.3750018865453,10723838.018127,49.2754553505089,0.0414646215002963,-64.359603,112.249404122151,17495150,0.00102503125485177,0.00117889541750234,45.30804,2.97725496430957e-08,2.57346774634737e-07,0.000141549222661963,"CLASSAB_NULL_Pin_3",40,2.5,1.2,0.1,1
8,2,3.74,0.5,2,4.24,0.5,1,1.3,9.5,1,0.5,5.5,1,0.5,3,50,5,1.5,1,0.5,10,37,4.92,5.5,6,4.77,0.5,10,4.69,0.5,1,0.992,8,32,4.94,2.5,24,50,10.6,15.5,5,10.3,10,21,74,13,156,10,250,1000,1000,10,586,10,18,762,1000,83000000,15500000000,11200000000,124000000,75200000,64400000,153000000,107000000,60100000,46800000000,19500000000,121000000,90100000,0.000108,0.00057,0.000128,3.14159265358979e-08,3.14159265358979e-08,0.00165,3.14159265358979e-08,0.00225,0.000117,0.00314,0.000176,0.00157,0.00314,49.1232314398821,1.65528477433368,1.1641221386988,145681.563119222,18.4693756149234,11152219.6630976,138.63576739067,0.0425134786320423,-43.2571350127056,88.2925823361197,7843089,0.000306242819033603,0.00210062484554091,41.30429,9.5535244663149e-08,0.000350093650170905,0.04649820966379,"CLASSAB_NULL_Pin_3",40,2.5,1.2,0.1,0
5.34,50,2.43,0.5,2,5.36,0.5,1,0.796,0.84,4,7.57,0.5,50,7.65,1.38,50,15.7,2.03,1,5,0.5,23,4.91,1.48,26,4.99,0.678,40,5.14,0.5,3,1.3,4.16,12,2.37,1.22,21,20,5.75,15.2,8.17,7.28,20,10,175,11,455,990,511,847,10,650,706,686,43,10,1000,500000000,152000000000,46300000000,730000000,557000000,914000000,500000000,663000000,500000000,254000000000,18400000000,744000000,500000000,0.0314,0.000641,8.16e-06,0.000251,0.0181,3.14159265358979e-07,0.0314,0.00262,0.0111,0.0234,0.000344,3.14159265358979e-07,0.0124,92.5231567404811,0.656767882462223,1.67726549464266,0.438223854326015,63.2504913756044,13848971.6441117,82.2429243157124,0.0456669307001441,-28.971855,89.1044521615021,35367750,0.00095847974285222,0.00103292303814154,72.34366,3.15785595677133e-08,3.52543377569514e-06,0.000812126642155908,"CLASSAB_NULL_Pin_3",40,2.5,1.2,0.1,1
0.5,1,0.5,1,17,4.94,0.5,1,0.615,1.5,1,2.43,1,1,0.5,0.685,1,3.24,0.5,50,2.62,1,1,5,1.1,50,5,4.18,50,5.04,0.5,2,2.58,3.06,27,5,1,1,1,6.77,6.11,2.26,7.73,22,41,1000,20,671,804,389,475,10,10,151,489,15,315,170,930000000,500000000,10300000000,1220000000,984000000,1300000000,953000000,891000000,500000000,500000000,14900000000,514000000,500000000,0.0123,0.000175,0.000149,0.00216,0.00305,3.14159265358979e-07,0.025,0.0314,0.0271,0.000615,0.000158,0.0127,3.14159265358979e-07,104.047670024865,0.601506229181482,1.18736032915609,0.00283673689304106,77.2199333725829,12815960.6311988,44.4083539438246,0.0386979939607455,-48.9091086,107.661758866432,25298430,0.000968474866581525,0.00111254189969486,47.48857,2.57390153834622e-08,2.1867170525991e-07,0.000181248748274854,"CLASSAB_NULL_Pin_3",40,2.5,1.2,0.1,1
1,31,0.5,1,10,6.39,0.5,1,0.864,0.5,11,0.5,0.926,1,0.5,1.65,32,0.5,1,10,2.28,1,19,5,1.5,24,5,1.5,50,4.6,0.5,2,2.96,2.5,9,4.98,1,1,1,7.96,6.11,0.52,8.24,23,34,1000,19,517,804,389,514,73,46,104,492,12,522,10,750000000,500000000,44700000000,1820000000,823000000,991000000,862000000,1070000000,1300000000,500000000,5920000000,514000000,750000000,0.0178,0.00058,8.99e-06,0.00223,3.14159265358979e-07,0.0201,0.0203,0.0314,0.0221,0.0149,9.49e-05,0.0201,0.00667,76.4441926930076,0.466788663917509,1.37093431745809,0.457480151890953,53.9118699131075,15941644.2791516,30.6288262915836,0.0461284832341788,-17.6022198,117.690617219157,46819790,0.00155235173970494,0.00115246118506146,39.86118,1.51230159621009e-08,1.82029240718529e-06,0.00090454640113391,"CLASSAB_NULL_Pin_3",40,2.5,1.2,0.1,1
3.76,6,0.5,0.5,1,5.15,0.5,1,1.08,1.5,1,0.5,0.827,23,0.5,1,50,6.63,0.5,1,0.5,2.5,1,4.99,0.793,50,4.96,0.5,38,5.07,0.5,2,3.02,0.5,34,2.05,0.5,18,33,7.09,90.9,4.3,11.9,41,55,204,10,10,935,564,40,257,820,314,91,39,316,1000,500000000,118000000000,41500000000,916000000,997000000,500000000,815000000,1090000000,560000000,371000000000,22500000000,526000000,1390000000,0.000749,0.000492,0.000168,3.14159265358979e-07,0.00357,0.0199,0.00856,0.0142,0.00903,0.00691,0.00049,3.14159265358979e-07,0.0301,148.052788589199,0.682830368369304,2.00223683119421,3.10585499323773e-07,108.321590272249,22061031.0239803,49.6668350109004,0.0579940762556658,379,139.117891070114,64688700,0.00146855527215114,0.000926477988157395,49.37985,2.19799159942736e-08,1.69117401793706e-08,2.16157788002214e-06,"CLASSAB_NULL_Pin_3",40,2.5,1.2,0.1,1
10,6,4.23,0.5,2,2.31,0.5,1,0.728,5.8,1,0.5,5.5,33,4.92,5.5,50,4.97,1.5,50,4.99,10,9,4.67,6.5,36,5.02,0.5,10,4.65,0.5,1,1.36,8,21,4.81,0.5,24,50,10.6,19.9,4.99,9.71,16,29,10,24,10,458,566,446,914,10,232,347,10,738,1000,72600000,50000000000,11200000000,166000000,91900000,50000000,166000000,110000000,53700000,35700000000,14600000000,120000000,112000000,0.000275,0.000445,4.02e-05,3.14159265358979e-08,0.000699,0.00209,0.00221,0.000519,0.0008,0.00299,0.000183,0.001,0.00201,76.2506008763809,1.76090473358215,2.45782466494815,8.64385579456389,54.7407320505306,3772568.34648614,92.0154552235656,0.0498981271454766,208,82.5408642992005,5265652,9.73819742291776e-05,0.00347909943616095,64.49473,1.48815218298808e-07,1.41245781860555e-05,0.00196796986931602,"CLASSAB_NULL_Pin_3",40,2.5,1.2,0.1,0
4.86,1,0.5,0.5,1,1.62,0.5,1,1.3,1.81,1,0.5,0.5,50,5.01,0.5,50,0.905,0.5,1,0.5,1,50,4.98,1.48,49,10.1,0.5,39,5.01,0.5,2,2.49,3,1,0.5,0.5,1,50,6.9,114,5,8.18,29,7,743,14,419,774,707,983,789,44,117,10,13,23,298,1140000000,231000000000,4530000000,1110000000,4950000000,1000000000,1000000000,1000000000,2160000000,303000000000,57000000000,1100000000,1000000000,6.28318530717959e-07,6.28318530717959e-07,2.31e-05,6.28318530717959e-07,0.0628,0.05,0.0628,0.0304,0.0143,0.0628,0.000191,0.0628,6.28318530717959e-07,66.6222967704692,0.768660438585005,3.27626680381638,469.648292366503,59.6971656992184,17600372.094264,44.3346027387187,0.0275582706566992,-24.7319919,78.3465699959244,75018190,0.00104079366286673,0.0020617025275537,56.44664,2.9900724233401e-08,0.00047588097202749,0.00154708312335705,"CLASSAB_NULL_Pin_3",40,2.5,1.2,0.1,2
9.79,5,4.19,0.5,1,4.33,0.5,1,1.74,5.25,1,0.5,4.26,50,6.09,3,41,4.9,1.5,50,4.97,10,36,4.98,6.22,50,4.71,0.5,12,4.6,0.5,1,0.934,8.5,39,4.87,4,4,50,9.92,14.1,5,9.69,32,48,74,35,161,453,298,1000,863,10,342,242,23,724,811,54800000,50000000000,15300000000,162000000,50000000,64400000,108000000,109000000,76800000,22000000000,17000000000,87100000,93800000,0.000223,0.000531,0.000261,3.14159265358979e-08,0.00151,0.00195,0.00204,0.00303,0.00197,0.00314,0.000135,0.00153,0.000746,113.69983242059,0.501423388617961,3.6237149924241,0.00325808179237414,77.21633943036,1060553.19518831,107.254661903341,0.0308258261024659,375,105.733798965842,7664466,9.61402369971609e-05,0.00273044805091402,48.96159,6.35466484912028e-07,1.49314810080403e-06,7.93207246698735e-05,"CLASSAB_NULL_Pin_3",40,2.5,1.2,0.1,0
3.38,1,0.5,0.5,1,1.2,0.5,1,0.566,1.02,1,0.5,0.749,50,4.83,0.5,50,2.18,0.5,1,0.5,4.7,1,6.06,0.5,50,3.91,0.5,50,4.96,0.5,1,6.58,3.33,1,0.511,0.5,1,50,21.2,49.3,5,15.1,65,38,180,10,815,292,524,156,432,10,21,115,10,32,795,1000000000,274000000000,9680000000,1220000000,31600000000,1000000000,1840000000,1000000000,1920000000,49700000000,57000000000,1000000000,1140000000,0.0118,0.000673,1.32e-05,6.28318530717959e-07,0.0628,6.28318530717959e-07,6.28318530717959e-07,0.0628,6.28318530717959e-07,0.0625,0.000325,0.0133,0.0594,99.1629914571454,0.784336490027854,3.65017629040769,0.245592618806355,68.0117715791904,22825496.1482124,31.1679343235961,0.014255583104374,430.5,108.68872721095,106226200,0.00132280285997484,0.00238910965282242,69.30842,2.33511091501959e-08,7.82476951816435e-06,0.000220001064692887,"CLASSAB_NULL_Pin_3",40,2.5,1.2,0.1,2
3.14,15,0.5,0.679,4,6.69,0.5,1,0.733,1.5,1,0.5,0.5,11,0.5,1,16,7.25,0.827,1,2.2,3.09,1,7.14,1.21,50,5.01,1.19,38,5.37,0.5,1,3.48,0.5,34,0.5,0.5,19,50,22.4,83,2.81,6.87,52,56,1000,15,10,1000,460,10,252,958,10,294,10,10,1000,642000000,166000000000,49800000000,851000000,500000000,500000000,1490000000,500000000,656000000,438000000000,33500000000,596000000,1460000000,3.14159265358979e-07,0.000106,2.28e-05,3.14159265358979e-07,3.14159265358979e-07,0.0214,0.00856,0.0314,0.0184,0.00944,0.000274,0.0129,0.0302,120.068181876325,1.06622593740044,3.51470687915949,2.29871324380746e-06,102.269846731808,17966483.1543848,51.0234744014949,0.0339578798306884,369.5,139.501803322627,59224710,0.000765933651164403,0.00125485734369257,54.31442,4.2407454846415e-08,5.94917951801666e-08,3.63131899905333e-06,"CLASSAB_NULL_Pin_3",40,2.5,1.2,0.1,1
4.86,1,0.5,0.5,1,1.62,0.5,1,1.3,1.81,1,0.5,0.5,50,5.01,0.5,50,0.905,0.5,1,0.5,1.55,21,4,1.97,49,7.07,0.5,40,5.04,0.5,1,3.6,3,1,0.5,0.5,1,50,7.11,101,5,7.25,37,48,743,10,10,774,707,731,789,36,304,10,15,23,298,1390000000,231000000000,4030000000,1090000000,3560000000,1000000000,1000000000,1740000000,1580000000,303000000000,101000000000,1160000000,1640000000,0.00706,6.28318530717959e-07,6.28318530717959e-07,6.28318530717959e-07,0.0628,0.05,0.0628,0.0258,0.0143,0.062,0.000191,0.0628,0.00373,60.2414754474145,0.531597887115609,5.19424151537444,919.076273393981,59.7617432238894,9414344.02775524,41.6561772129897,0.0259706497533002,-7.9323453,75.8803030841209,91987530,0.000804978234312031,0.0022049862714338,49.41724,4.63789855876551e-08,0.000829025829938734,0.00178819041886391,"CLASSAB_NULL_Pin_3",40,2.5,1.2,0.1,2
4.86,1,0.5,0.5,1,1.62,0.5,1,1.3,1.81,1,0.5,0.5,50,5.01,0.5,50,0.905,0.5,1,0.5,1,21,4.98,1.48,49,10,0.5,40,5.03,0.5,2,2.49,3,1,0.5,0.5,1,50,6.9,106,5,8.18,34,14,743,14,419,774,707,589,789,40,162,10,13,23,298,1140000000,231000000000,4530000000,1110000000,3560000000,1080000000,1000000000,1290000000,2160000000,303000000000,98600000000,1240000000,1000000000,6.28318530717959e-07,0.000299,2.31e-05,6.28318530717959e-07,0.0628,0.05,0.0628,0.0258,0.0143,0.0628,0.000191,0.0628,0.00373,65.967120832802,0.640632154518623,4.80480559144464,506.300951252457,59.2256897301795,14754802.1351061,42.1519869045339,0.0244673579406894,-12.300572625,77.6777578095938,110662500,0.0010468922291716,0.00217710203868022,41.91897,4.29472143056881e-08,0.000522270710310455,0.00164839472981804,"CLASSAB_NULL_Pin_3",40,2.5,1.2,0.1,2
1.69,1,0.5,0.5,1,1.52,0.5,1,0.893,0.5,1,0.5,0.592,50,4.96,0.5,50,4.99,0.5,1,0.5,3.18,1,5.34,0.5,50,8.29,0.5,50,4.98,0.5,5,2.21,4.24,1,0.505,0.5,1,50,12.6,50.9,5,12.9,41,38,180,22,284,267,667,404,43,10,137,50,10,23,699,1000000000,1000000000,8480000000,1080000000,9280000000,1000000000,1910000000,1000000000,1860000000,1000000000,109000000000,1000000000,1000000000,0.0467,0.000497,0.000203,6.28318530717959e-07,0.0628,0.0038,6.28318530717959e-07,0.0313,0.0628,0.0608,0.000156,0.023,0.0484,86.7580143583548,0.452009366881174,5.15025650031727,0.18485297285359,76.8716825087868,18192523.5834816,32.7569061420642,0.0236651855760987,422.5,96.7649138960189,207288100,0.00182945963236121,0.00268998504408232,62.36925,2.46608002108289e-08,3.19310234537462e-06,0.000282147294806911,"CLASSAB_NULL_Pin_3",40,2.5,1.2,0.1,2
6.91,1,4.76,0.5,1,3.5,0.5,1,2.89,3.97,1,0.5,4.75,50,2.39,3.61,22,4.89,1.5,50,4.91,10,50,2.18,10,50,4.87,0.5,12,4.44,0.5,1,1.36,1.17,13,4.87,4.21,4,50,11.5,20.2,4.96,9.69,55,62,56,31,161,430,689,1000,938,10,1000,11,10,932,451,71800000,47100000000,31100000000,120000000,82200000,85200000,146000000,107000000,88800000,30200000000,18100000000,108000000,87700000,0.000256,0.000519,0.000362,3.14159265358979e-08,0.000517,0.00088,0.00168,0.000678,0.00197,0.0027,0.000105,0.00236,0.00186,136.35056490076,0.806916892459428,5.03033726399593,0.000118385318703146,89.8124003459825,1753351.34524142,96.5583921779977,0.0354574670114298,360,118.435924401252,10930430,9.87682736163214e-05,0.00235189624944997,45.79283,2.15438125412927e-07,1.04454856046488e-06,1.35726798129454e-05,"CLASSAB_NULL_Pin_3",40,2.5,1.2,0.1,0
3.13,1,0.5,0.5,1,1.28,0.5,1,0.579,0.749,1,0.5,0.707,50,4.72,0.5,50,2.81,0.5,1,0.5,4.81,1,6.02,0.5,50,3.21,0.5,47,4.83,0.5,1,8.23,3.74,1,0.515,0.5,1,50,23.68,50,5,14.5,62,55,172,10,1000,459,809,86,344,10,10,10,10,37,688,1000000000,349000000000,8020000000,1210000000,45000000000,1000000000,1970000000,1000000000,1280000000,1000000000,60500000000,1420000000,1100000000,0.0383,0.000673,6.28318530717959e-07,6.28318530717959e-07,0.0628,0.0516,6.28318530717959e-07,0.051,6.28318530717959e-07,0.0628,0.000502,0.00532,0.0535,94.5020249669469,0.683979424951633,4.43703805062134,0.508581488534521,65.9595619872107,22382167.623699,31.022142092383,0.0183064403116,396,105.751242607996,145195200,0.00148742961923836,0.00255155519101956,60.23193,2.429060323048e-08,9.29368987005907e-06,0.000301978354948051,"CLASSAB_NULL_Pin_3",40,2.5,1.2,0.1,2
3.11,15,0.5,0.679,4,7.92,0.5,1,0.704,1.5,1,0.5,0.966,21,3.28,1,16,4.92,0.707,1,2.2,0.5,1,9.57,1.03,50,4.99,1.04,38,5.19,0.5,1,3.48,0.5,34,0.5,0.5,19,50,20.6,56.6,0.881,11.2,70,50,1000,10,10,872,729,617,288,958,10,384,41,136,1000,500000000,243000000000,27800000000,851000000,500000000,943000000,2000000000,500000000,1120000000,438000000000,30700000000,542000000,1310000000,3.14159265358979e-07,0.000536,0.000125,3.14159265358979e-07,0.0249,0.0314,0.00856,0.0314,0.0141,0.0186,0.000401,0.0181,0.0299,117.844204544343,1.91981561371407,3.98338880868498,1.49157388844505e-06,106.487328775288,34348077.0013,38.3972004187805,0.0475743356655844,401,144.490567236581,71268170,0.000813242801120563,0.000964179297298587,53.50536,2.6183222407728e-08,1.0581904019924e-07,1.99573114789686e-06,"CLASSAB_NULL_Pin_3",40,2.5,1.2,0.1,1
3.84,1,0.5,0.5,1,2.06,0.5,1,1.73,0.5,1,0.5,0.5,50,5,0.889,50,5,0.5,1,0.5,0.5,50,2.2,1.39,50,4.99,0.5,50,5,0.5,1,1.06,5.72,1,0.51,0.5,1,50,9.88,31.9,5,10.2,20,20,796,15,805,784,592,10,982,44,10,10,44,26,1000,1050000000,736000000000,1000000000,1000000000,2990000000,2030000000,1620000000,1040000000,1110000000,1000000000,1000000000,1000000000,2440000000,6.28318530717959e-07,0.000219,5.34e-06,6.28318530717959e-07,0.0628,0.0628,0.0397,0.0394,6.28318530717959e-07,0.0357,0.000207,6.28318530717959e-07,0.00403,39.0393253507536,0.822030922331563,10.8540870449061,3160.16816070458,39.7051382170158,4841959.59600807,34.8671363894427,0.0334233596597129,-130.39416005,76.9406260892668,63933180,0.000267738191553151,0.00339118391869379,12.92239,7.81136401159076e-08,0.00040579634950081,0.00390187180171497,"CLASSAB_NULL_Pin_3",40,2.5,1.2,0.1,2
1.53,15,0.5,0.893,2,3.92,0.5,1,0.617,0.854,3,0.5,1.33,1,0.5,1.36,4,4.92,1.17,17,3.6,1.31,1,5,0.67,33,4.99,0.64,38,4.88,0.5,1,1.57,1.94,34,0.5,1.32,18,50,4.12,56.6,5,10.4,23,51,884,11,337,883,783,87,51,920,314,130,41,446,1000,790000000,118000000000,48800000000,2610000000,957000000,1050000000,1060000000,1000000000,1170000000,438000000000,14700000000,500000000,892000000,0.000749,0.000531,0.000125,3.14159265358979e-07,0.0155,0.0261,0.00856,0.0193,0.0071,0.00811,0.000334,0.0155,0.0314,44.4675742060956,1.85408218242126,10.3763469523027,454.444615166612,46.9785121853635,12520159.374957,81.4372452873991,0.0443473824274494,-38.98541075,105.847381240376,70068910,0.000306943326893927,0.000937034335069066,39.51055,4.64397974158986e-08,0.000123077519160365,0.0210163275562389,"CLASSAB_NULL_Pin_3",40,2.5,1.2,0.1,1
3.95,7,0.5,0.679,3,5.92,0.5,1,0.704,1.5,1,0.5,1.23,2,0.5,1,16,4.92,0.607,1,2.2,1.66,1,4.26,0.949,50,4.98,1.2,38,5.11,0.5,1,3.48,0.5,34,0.5,0.5,18,38,19.2,44.1,2.43,14.5,69,59,863,17,10,915,146,10,288,994,10,384,59,136,946,642000000,166000000000,38600000000,500000000,863000000,895000000,1540000000,500000000,500000000,374000000000,22800000000,667000000,1310000000,3.14159265358979e-07,0.000536,0.000178,3.14159265358979e-07,0.0102,0.0314,3.14159265358979e-07,0.0314,0.0124,0.0066,0.000222,0.00789,0.0297,148.594395796529,1.53570019638061,6.87585400619495,1.30547934942701e-08,120.218583994954,27539959.560552,41.7427842866285,0.061443262070675,371.5,144.685187086853,123305800,0.000815143702274556,0.00107555843339743,51.43501,1.17312552626588e-08,4.79399298924932e-09,9.21621051030996e-07,"CLASSAB_NULL_Pin_3",40,2.5,1.2,0.1,1
1.48,1,0.5,0.5,1,0.5,0.5,1,1.11,0.5,1,0.5,0.5,50,5,0.5,50,4.99,0.5,1,0.5,3.22,1,4.98,1,50,8.51,0.5,50,4.98,0.5,1,1.08,4.99,1,0.5,0.5,1,50,12.6,46.5,5,12.9,35,14,178,21,699,168,695,208,10,10,137,21,10,19,1000,1000000000,1000000000,10800000000,1030000000,9280000000,1000000000,1800000000,1000000000,1860000000,76600000000,17100000000,1080000000,1000000000,6.28318530717959e-07,0.000497,0.000203,6.28318530717959e-07,0.0628,6.28318530717959e-07,6.28318530717959e-07,0.0285,0.0118,0.0628,0.00013,0.023,0.0484,75.1902131707219,1.60622840226522,14.0412298005,0.415884052450235,70.5008805061495,11495321.1956066,35.2330186047123,0.0263819493784653,-6.624332,87.7878230023357,100489100,0.000325305292238271,0.00259871369440777,41.98894,2.35089427037322e-08,8.6409984418101e-06,0.000494377297667992,"CLASSAB_NULL_Pin_3",40,2.5,1.2,0.1,2
9,2,4.19,0.5,2,3.79,0.5,1,1.74,8,1,0.5,0.5,50,5,5.5,50,5,3,20,4.82,10,50,4.98,4.5,50,4.96,0.5,10,4.88,0.5,1,0.597,8.5,47,4.96,4,24,50,10.1,13.2,4.98,9.99,10,18,74,10,275,35,250,419,653,10,586,116,22,762,811,64300000,31300000000,16600000000,85800000,97400000,64400000,142000000,90700000,88800000,23700000000,18500000000,98200000,93800000,0.000108,0.000508,0.000282,3.14159265358979e-08,0.0017,0.0027,0.000517,0.00303,0.00197,0.00314,0.000105,0.00218,0.00268,101.568091077139,2.69663117988479,0.958591616406536,0.571610100886676,70.8000346195928,12552927.9260529,177.499291547882,0.159287880172347,-34.6251246,86.4843728874808,4462283,0.000211592759610079,0.00391047503781593,34.10076,0.00311010846822116,9.8002944440656e-06,0.000230369934018926,"CLASSAB_NULL_Pin_3",40,2.5,1.2,0.1,0
8,2,3.74,0.5,3,4.54,0.5,1,1.17,9.5,1,0.5,4.25,1,0.535,3,50,5,5.59,1,0.506,8.34,37,4.92,6.13,50,4.79,0.5,10,5.16,0.5,1,0.992,8,32,4.94,2.5,24,50,10.6,15.5,5.01,10.6,19,61,243,18,120,10,250,1000,674,442,586,10,51,461,1000,83000000,15500000000,9470000000,124000000,88500000,98500000,68400000,50000000,60100000,46800000000,9130000000,121000000,99100000,0.000108,0.00057,0.000128,3.14159265358979e-08,3.14159265358979e-08,0.00165,0.000226,0.00225,0.00015,0.00314,0.000176,0.00157,0.00314,83.8826185852488,2.18212278778013,1.22526256608933,44.3464455155186,49.0232723524471,13265462.5580762,142.354739611999,0.0453006930660706,330,93.0679554670105,7448561,0.000276325225234025,0.00223924442902926,48.54046,7.4134942226965e-08,6.31518118878549e-05,0.00181466326021096,"CLASSAB_NULL_Pin_3",40,2.5,1.2,0.1,0
9,1,5.54,0.5,1,2.58,0.5,1,0.5,3.78,1,0.5,4.35,50,4.89,0.594,3,5,1.5,25,4.79,10,50,4.94,10,50,5.4,0.5,11,4.8,0.5,1,1.38,7.93,49,4.91,4.81,4,50,9.85,18.2,5,11,45,46,137,10,234,10,105,231,828,535,636,10,65,379,521,54800000,45800000000,5720000000,50000000,63700000,84000000,142000000,92800000,50000000,14600000000,35900000000,87800000,77900000,0.000108,0.000388,0.00048,3.14159265358979e-08,0.000405,0.00165,0.000517,0.00303,0.00197,0.00314,3.14159265358979e-08,0.00243,0.00263,134.367698165849,2.12534321695252,1.9271708041084,0.000150742249481689,91.8157124938923,7413552.51169371,115.588142557963,0.0237685336152976,391,115.537146139371,6722294,0.000158553054835834,0.0028144213420459,49.24534,1.32354011587279e-07,2.79198447854512e-07,2.54943562039145e-05,"CLASSAB_NULL_Pin_3",40,2.5,1.2,0.1,0
10,6,4.23,0.5,2,2.94,0.5,1,0.728,5.8,1,0.5,5.5,33,4.89,5.5,50,4.97,1.5,50,4.99,10,22,4.67,6.5,36,5,0.5,10,4.65,0.5,1,1.36,8,21,4.81,0.5,24,50,10.6,19.9,4.99,9.71,15,19,10,24,10,458,566,446,914,10,232,347,10,738,1000,72600000,50000000000,11200000000,166000000,73200000,50000000,166000000,110000000,53700000,35700000000,14600000000,120000000,112000000,0.000275,0.000445,4.02e-05,3.14159265358979e-08,0.000699,0.00209,0.00221,0.000519,0.0008,0.00299,0.000183,0.001,0.00201,77.812006738324,3.741666972803,2.38158563781665,6.12075870158672,55.676576350048,8020862.02973294,95.207399922485,0.044885563206114,244.5,83.3828451807519,5105310,9.7439093421511e-05,0.00339848797556002,60.30091,1.41159834999007e-07,1.22483713987442e-05,0.00177979788072791,"CLASSAB_NULL_Pin_3",40,2.5,1.2,0.1,0
4.3,15,0.5,0.5,2,0.5,0.5,1,0.5,1.72,1,6.02,0.628,17,5,0.5,50,5.01,1.77,50,5,0.5,9,4.91,1.07,17,1.96,0.678,50,4.8,0.5,2,0.983,4.5,26,5,1.43,34,50,10.5,15.2,1.12,15.9,19,55,10,12,455,557,103,593,10,51,10,1000,43,172,799,829000000,32900000000,500000000,1000000000,911000000,914000000,968000000,1640000000,890000000,500000000,10600000000,500000000,500000000,0.00948,0.000491,9.01e-05,0.000251,0.00205,0.0118,0.0314,0.0314,3.14159265358979e-07,0.00507,0.000264,3.14159265358979e-07,0.0304,88.3654885298518,10.5386474212364,2.40187356772279,0.00986210752138815,79.9575430749464,65087427.3142847,65.7430969760324,0.0258375404486039,-123.0023883,116.330857664906,14834140,0.00028073046806888,0.0015889670347096,33.19575,1.226983335084e-08,3.56019229562077e-06,6.46334182718977e-05,"CLASSAB_NULL_Pin_3",40,2.5,1.2,0.1,1
2.5,1,0.5,0.596,1,5.15,0.5,1,0.617,1.5,2,0.5,0.5,10,5,1,50,8,0.815,1,2.43,5.3,1,6.71,0.786,50,4.97,0.577,38,4.88,0.5,1,2.45,0.647,34,0.5,0.5,18,20,10.2,24.9,0.5,9.53,29,33,481,14,552,883,836,464,257,920,314,435,24,372,1000,942000000,118000000000,33900000000,1240000000,2700000000,1320000000,663000000,775000000,992000000,438000000000,20700000000,500000000,1180000000,0.022,0.000531,2.45e-05,3.14159265358979e-07,0.0174,0.0121,0.0292,0.0314,0.0071,0.013,0.000352,0.021,0.0301,113.594414031871,8.47222143798393,3.13798881728802,8.85120571329051e-06,115.282818137231,136037038.302329,32.3838729925869,0.0437678003512396,415.5,131.308668315741,50386160,0.000729856010761491,0.000865651818242807,69.33958,8.28240721403232e-09,2.66460303884886e-07,4.41402732098695e-06,"CLASSAB_NULL_Pin_3",40,2.5,1.2,0.1,1
2.5,1,0.5,0.57,1,4.2,0.5,1,0.791,1.5,3,0.5,0.5,19,1.51,1,50,5.84,0.67,1,0.5,3.01,1,4.99,0.67,50,4.96,0.507,38,4.91,0.5,2,2.45,0.699,35,2.95,0.5,18,23,8.21,55.6,5,13.1,33,55,447,16,10,883,869,427,761,784,314,79,64,10,936,528000000,118000000000,48800000000,916000000,1970000000,1290000000,663000000,1070000000,500000000,333000000000,19100000000,500000000,1150000000,0.000749,0.000954,0.000125,3.14159265358979e-07,0.0155,0.02,0.00856,0.0151,0.00256,0.0113,0.000334,0.013,0.0314,118.962369086912,2.47990831944405,2.60634420859673,1.4613193135696e-06,118.637247905122,68670763.0755651,44.9156677563631,0.0745748160936284,367.5,135.609601394248,72171880,0.0012586748861411,0.00106573851059218,53.48859,8.57026409919765e-09,4.24100453344511e-08,3.19741035004206e-06,"CLASSAB_NULL_Pin_3",40,2.5,1.2,0.1,1
3.84,1,0.5,0.5,1,3.28,0.5,1,1.73,1.5,1,0.5,0.5,50,5,0.889,50,5,0.5,1,0.5,0.5,50,2.2,1.39,50,4.97,0.5,50,5,0.5,1,1.06,5.72,1,0.51,0.5,1,50,9.88,31.9,5,10.2,19,49,796,15,639,784,592,10,982,44,98,10,25,26,1000,1050000000,265000000000,1000000000,1000000000,2990000000,2030000000,1620000000,1040000000,2400000000,1000000000,1000000000,1000000000,2440000000,6.28318530717959e-07,0.000219,0.000144,6.28318530717959e-07,0.0586,0.0628,0.0397,0.0394,6.28318530717959e-07,0.0357,0.000207,6.28318530717959e-07,0.00403,46.3470279584121,2.57158597322218,6.26269232235168,535414.401539364,28.0983685935435,15898364.1097012,34.8631209159478,0.0241445054140097,-224.23689580328,69.4454140761241,38717960,0.000281014487402826,0.00293886198185553,14.85736,3.1798254140879e-08,0.00546784763677066,0.0241365449177751,"CLASSAB_NULL_Pin_3",40,2.5,1.2,0.1,2
9,2,4.19,0.5,2,3.36,0.5,1,1.74,8,1,0.5,7,1,0.5,3,50,5,1.5,37,4.89,10,50,4.98,5.5,50,4.97,0.5,7,4.44,0.5,1,0.989,8.5,50,5,4,24,50,10.4,5.42,4.99,9.99,6,18,74,20,275,35,250,1000,922,10,586,10,22,1000,811,64300000,16700000000,16600000000,85800000,50000000,64400000,142000000,93400000,65500000,23700000000,18500000000,98200000,93800000,0.000108,0.00044,0.000282,3.14159265358979e-08,3.14159265358979e-08,0.00165,0.000517,0.00314,0.00197,0.00208,0.000174,0.00224,0.00292,27.9531561792754,2.43263134918817,4.0087247589728,5392333.64862505,14.7970929015639,5265863.38540779,176.458010586088,0.159497427995855,-149.52075356525,84.3985506108146,8677598,9.83944512140423e-05,0.00376191886302039,22.1449,1.13909701592057e-07,0.00121445403776031,0.1722502557923,"CLASSAB_NULL_Pin_3",40,2.5,1.2,0.1,0
2.5,1,0.5,0.5,1,4.12,0.5,1,1.64,0.5,1,0.5,0.5,50,5.01,2.14,50,5,0.5,1,0.5,1,50,4.95,1.27,50,4.99,0.5,50,5.01,0.5,1,1.04,3,1,0.5,0.5,1,50,9.52,73.7,5,10.4,20,34,246,18,235,784,425,10,1000,10,47,10,18,19,682,1740000000,1000000000,4210000000,1000000000,1000000000,1000000000,1400000000,1000000000,1970000000,43300000000,16500000000,1100000000,1680000000,6.28318530717959e-07,6.28318530717959e-07,0.000144,6.28318530717959e-07,0.0628,0.0628,0.0361,0.0415,0.00868,0.0628,6.42e-05,6.28318530717959e-07,0.0488,29.3549031160148,2.36914029425243,4.90553483518155,6758.60824816504,30.2064822946521,16844615.1758698,43.5616230184322,0.0323319580606558,-163.37847669861,82.8567959488254,34878410,0.000323182349324526,0.00287374123264644,38.11736,2.46644182457141e-08,0.00649874717880312,0.000142786960051877,"CLASSAB_NULL_Pin_3",40,2.5,1.2,0.1,2
2.8,1,0.5,0.5,1,5.15,0.5,1,0.617,1.5,3,0.5,0.5,16,5,1,50,8,0.67,1,2.79,0.5,1,5,0.978,50,4.97,0.5,38,4.88,0.5,1,2.45,0.647,34,0.5,0.5,18,20,5.59,24.9,4.01,9.53,26,58,481,48,10,883,931,464,257,920,314,435,39,452,1000,500000000,118000000000,13800000000,1570000000,1200000000,1320000000,607000000,874000000,720000000,438000000000,25000000000,500000000,1180000000,0.000749,0.000521,0.000125,3.14159265358979e-07,0.0174,0.0265,0.00856,0.0104,0.0071,0.01,0.000352,0.00717,0.0301,131.393886095653,2.99314117570046,3.81108153248332,4.37443786475233e-06,107.547390056526,47661615.8971573,40.9039093486185,0.0424907461410282,323.5,126.342161929204,60686180,0.000723800502235726,0.000810732811129471,72.88377,8.50842551208496e-09,9.61489998851928e-08,7.7007392289552e-06,"CLASSAB_NULL_Pin_3",40,2.5,1.2,0.1,1
4.47,3,0.5,0.5,3,5.86,0.5,1,0.6,1.5,1,0.5,0.5,16,4.88,1,50,8.07,0.638,1,2.69,0.5,1,5,0.969,50,5,0.5,38,5.07,0.5,1,3.78,0.5,34,0.5,0.5,19,27,4.99,67.3,1.72,6.84,50,55,498,12,10,949,653,59,354,877,10,331,10,160,1000,500000000,118000000000,29500000000,806000000,500000000,500000000,1660000000,634000000,500000000,500000000000,22900000000,699000000,1390000000,3.14159265358979e-07,0.000512,3.14159265358979e-07,3.14159265358979e-07,3.14159265358979e-07,0.0314,0.00856,0.0183,0.00738,0.0138,0.000354,3.14159265358979e-07,0.029,124.316815526321,2.31428376288458,3.87974320858374,2.21409028541816e-06,108.186974521978,49867496.5707546,40.1858335735368,0.0434231604335469,369.5,136.507510360676,83599550,0.000979440994199637,0.000804747627079107,52.59339,2.60198960623124e-08,1.17046999404957e-07,2.95856978804743e-06,"CLASSAB_NULL_Pin_3",40,2.5,1.2,0.1,1
0.5,50,5,0.5,1,0.5,0.5,1,0.864,0.5,5,0.5,0.5,17,9.99,0.5,1,0.5,0.8,17,1.54,2.43,1,0.5,1,50,5,0.5,29,4.31,0.5,1,0.5,4,22,4.81,0.572,17,50,13.6,57.5,2.1,11.2,19,30,548,10,404,1000,1000,766,943,513,723,227,91,326,109,557000000,500000000,29700000000,500000000,655000000,1480000000,965000000,597000000,518000000,436000000000,14500000000,500000000,972000000,0.0298,3.14159265358979e-07,8.33e-05,3.14159265358979e-07,0.0273,3.14159265358979e-07,3.14159265358979e-07,0.0139,0.0314,0.00111,0.000246,3.14159265358979e-07,0.00204,23.4732810188047,6.68597686093395,7.36128683166042,76638.3186938531,25.2229782802943,35658818.9743842,48.4437921719595,0.0380528080020886,-72.618101875,73.6661111142722,39260500,0.000242426116877129,0.0016409754921274,25.76954,2.15145017746859e-08,0.000330072350714591,0.027827170072092,"CLASSAB_NULL_Pin_3",40,2.5,1.2,0.1,1
2.5,1,0.5,0.5,1,5.15,0.5,1,0.617,1.5,3,0.5,0.5,10,5,1,50,8,0.67,1,0.5,0.812,1,5,0.978,50,4.98,0.75,38,4.88,0.5,1,2.45,0.647,34,0.5,0.5,18,20,5.59,24.9,4.01,9.53,23,47,481,14,10,883,931,464,257,920,314,435,39,452,1000,500000000,118000000000,33900000000,1240000000,1160000000,1320000000,663000000,874000000,683000000,438000000000,20700000000,500000000,1020000000,0.000749,0.000531,0.000125,3.14159265358979e-07,0.0174,0.0265,0.00887,0.0104,0.0071,0.01,0.000352,0.00717,0.0301,129.21812655263,3.30545687747127,7.64697133152417,4.22344504986692e-06,105.221567928756,48890168.4920721,41.2898837489281,0.0832184994991402,-38.179295,127.911839330217,113104400,0.000672306573154679,0.00112780699995946,36.65383,7.33854374477603e-09,8.02093868745857e-08,8.93546496194553e-06,"CLASSAB_NULL_Pin_3",40,2.5,1.2,0.1,1
2.5,1,0.5,0.5,1,3.56,0.5,1,2,0.5,1,0.5,0.5,50,5,1.69,50,4.99,0.5,26,0.5,1,50,5.01,1.35,50,4.99,0.5,50,4.88,0.5,1,1.09,3,1,0.5,0.5,1,50,9.52,73.7,5,10.4,22,35,10,14,419,784,558,10,1000,58,10,48,10,14,682,1480000000,1000000000,11500000000,1000000000,1860000000,1330000000,1280000000,1620000000,1970000000,24300000000,28400000000,1030000000,1990000000,6.28318530717959e-07,0.000238,0.000189,6.28318530717959e-07,0.057,0.0628,6.28318530717959e-07,0.00731,0.00868,0.0616,0.000262,6.28318530717959e-07,0.0498,31.288272255415,6.01383583347889,16.7326879581621,129.318834467359,32.0146962247335,20828491.0108903,42.5429782690399,0.0359153040171665,-67.2453947,93.0118031954637,57952470,0.000157428572648021,0.0025276215667956,33.3553,2.26055440832e-08,0.000616796748890141,0.000139270176190864,"CLASSAB_NULL_Pin_3",40,2.5,1.2,0.1,2
2.5,1,0.5,0.5,1,2.4,0.5,1,1.46,0.5,1,0.5,0.5,50,4.98,0.765,50,4.45,0.5,1,0.5,0.5,1,4.99,1,50,3.41,0.5,50,4.97,0.5,1,0.5,4.24,1,0.505,0.5,1,50,10.8,46.5,5,11.4,36,13,82,26,10,168,695,238,10,10,226,10,23,19,807,1340000000,1000000000,3700000000,1030000000,5750000000,1000000000,1670000000,1720000000,1000000000,66700000000,164000000000,1340000000,2380000000,0.038,0.000497,0.000195,6.28318530717959e-07,0.0628,0.0281,6.28318530717959e-07,6.28318530717959e-07,0.0507,0.0628,0.000255,6.28318530717959e-07,0.0628,94.20897899091,4.50739690589592,23.0666181246148,0.0373652593385673,70.1030551562559,20413059.9940594,31.7730813740185,0.0332729901228266,-2.746392,83.9831961568311,104463900,0.000205854151018438,0.00243208527297222,43.75164,2.24964498308861e-08,3.39176138750008e-06,0.000276751939634057,"CLASSAB_NULL_Pin_3",40,2.5,1.2,0.1,2
