RESISTOR_0,MOSFET_10_1_L_gm2_PMOS,MOSFET_10_1_M_gm2_PMOS,MOSFET_10_1_W_gm2_PMOS,MOSFET_23_1_L_gm3_NMOS,MOSFET_23_1_M_gm3_NMOS,MOSFET_23_1_W_gm3_NMOS,MOSFET_8_2_L_gm1_PMOS,MOSFET_8_2_M_gm1_PMOS,MOSFET_8_2_W_gm1_PMOS,MOSFET_0_8_L_BIASCM_PMOS,MOSFET_0_8_M_BIASCM_PMOS,MOSFET_0_8_W_BIASCM_PMOS,MOSFET_17_7_L_BIASCM_NMOS,MOSFET_17_7_M_BIASCM_NMOS,MOSFET_17_7_W_BIASCM_NMOS,MOSFET_21_2_L_LOAD2_NMOS,MOSFET_21_2_M_LOAD2_NMOS,MOSFET_21_2_W_LOAD2_NMOS,CAPACITOR_0,CAPACITOR_1,CURRENT_0_BIAS,gen,index,VDS0,VDS10,VDS17,VDS21,VDS23,VDS8,ft0,ft10,ft17,ft21,ft23,ft8,gm0,gm10,gm17,gm21,gm23,gm8,gmid_offset0,gmid_offset10,gmid_offset17,gmid_offset21,gmid_offset23,gmid_offset8,CMRR,FOML,FOMS,FOM_AW,PSRR,SR,chip_area,d_settle,fitness,gain,gbw,ivdd_27,noise,pm,settlingTime,tc,vos,Topo,Tech_nodes,VDD,VCM,CL,RUN
0.77,0.3,50,1,1,50,1,1,4,0.99,1,17,0.98,1,16,0.98,1,2,0.78,8,2,12,0,35,0.0986,1.34,0.0591,0.559,0.801,0.0591,264000000,1120000000,196000000,1860000000,1040000000,196000000,0.000645,0.000286,0.00026,9.59e-05,0.00147,0.00026,-4,-13,-11,1,-12,-3,34.0465402596109,21.1985142107257,31.8260976955932,8.11565491237626,33.74262233889,942647.595439062,105.891123329578,0.0331246330513086,1.9024744436295,106.861363650657,1415231,0.000261574268856933,0.000174697767233196,89.01156,1.99486613040472e-07,8.77110477368492e-06,0.00255169872814831,"Leung_NMCNR_Pin_3",22,1.8,0.8,10,0
0.77,1,35,1,1,50,1,1,8,0.9,1,31,0.98,1,4,0.76,1,4,0.88,8,2,9,0,33,0.139,1.46,0.0862,0.442,0.8,0.0862,543000000,248000000,398000000,1080000000,911000000,398000000,0.000348,0.00016,0.000141,0.00011,0.00123,0.000141,-14,-2,-1,-4,-6,13,78.283489329584,40.5959396978778,57.475610991062,14.6562808027208,82.6534771844646,1360661.84247936,106.13486703247,0.0369499454955282,1.61843837841064,108.840066857084,1926421,0.000197159943842204,0.000152752711071695,84.67715,1.82074354597873e-07,8.00557275055791e-07,0.000200633934837935,"Leung_NMCNR_Pin_3",22,1.8,0.8,10,0
0.77,0.3,50,1,1,50,1,1,16,0.95,1,50,1,1,14,0.99,1,22,0.97,8,2,5,0,18,0.0879,1.6,0.0517,0.295,0.8,0.0517,177000000,555000000,133000000,302000000,687000000,133000000,0.000315,0.000125,0.000126,0.000114,0.00083,0.000126,9,-13,0,-9,14,8,78.7493380030591,54.0382489255523,93.5217297936341,23.8480410973767,96.2013197881885,1034203.73176984,107.372948175972,0.0184650013833926,1.28801699992717,107.883297038432,1789853,0.000112578617633099,0.000149511342124987,82.06685,2.33948678845048e-07,2.41058346904521e-06,0.000192558620046634,"Leung_NMCNR_Pin_3",22,1.8,0.8,10,0
0.77,0.3,50,1,1,50,1,1,16,0.98,1,10,0.94,1,4,0.84,1,3,0.69,8,2,6,0,16,0.123,1.45,0.0734,0.45,0.8,0.0734,418000000,663000000,305000000,1140000000,742000000,305000000,0.000267,0.000154,0.000107,7.06e-05,0.000926,0.000107,6,-7,13,-9,0,-6,74.7664176796549,51.9576612763759,93.5426651234703,23.8533796064849,75.1149027801396,1152577.94406634,105.323644069126,0.023657754452488,0.756630681960414,115.711746668259,2075059,0.000130488364808222,0.000132989345319016,83.51563,2.39118513662632e-07,3.63324073381577e-06,0.000344717545996076,"Leung_NMCNR_Pin_3",22,1.8,0.8,10,0
0.77,0.3,50,1,1,22,0.97,1,11,0.93,1,21,0.96,1,10,0.96,1,6,0.92,8,2,5,0,32,0.0932,1.54,0.0549,0.365,0.801,0.0549,217000000,553000000,161000000,620000000,1040000000,161000000,0.000294,0.000125,0.000118,8.35e-05,0.000624,0.000118,12,-14,-10,2,9,-8,75.3872925498228,50.3403071538672,84.4028554095115,21.5227281294254,78.0010023572185,948598.787193943,105.783599863117,0.0283533550339506,0.30784965019021,109.718363755791,1590464,0.000110845427478049,0.000156811204464694,83.09421,2.67505106487688e-07,4.1935981049096e-06,0.000387949364697326,"Leung_NMCNR_Pin_3",22,1.8,0.8,10,0
0.77,0.3,50,1,1,50,1,1,7,0.99,1,50,1,1,3,0.8,1,4,0.87,8,2,8,0,2,0.145,1.47,0.0899,0.434,0.8,0.0899,581000000,842000000,427000000,1030000000,863000000,427000000,0.0003,0.000202,0.000122,0.000103,0.00114,0.000122,-3,8,-13,-14,4,7,71.307280819307,39.7606365212879,59.3933188941414,15.1452963180061,75.4521905935149,1194734.00199363,106.754250500858,0.0344424203559964,0.0719290753802833,110.741102851982,1784660,0.000176753887397856,0.000146010553256347,86.74588,1.91477159107789e-07,1.46321586613318e-06,0.000141796861322652,"Leung_NMCNR_Pin_3",22,1.8,0.8,10,0
0.56,1,23,1,1,50,1,0.3,20,0.96,1,3,0.82,1,50,1,1,49,0.99,8,2,5,10,45,0.0809988766884521,1.64248784826663,0.0451137423415174,0.257505276324923,0.800472866693832,0.0451137423415174,74908519.9978076,219706137.193724,56953662.1038576,176050518.965214,674014393.930917,56953662.1038576,0.000338088821524837,8.49178789293164e-05,0.000133497993696305,0.000116795795030669,0.000807037675971791,0.000133497993696305,-12,2,-2,2,-6,-12,74.6520124022519,54.9725781216777,143.476724234044,36.5865646796813,70.2261659837546,1011653.39873843,106.976726440848,0.00550626213024275,332.700000000002,110.855820135287,2640384,0.000108252196801618,0.000169633775240878,66.41186,2.43576611035534e-07,3.09014037119415e-06,0.000382367910205406,"Leung_NMCNR_Pin_3",22,1.8,0.8,10,0
0.77,0.3,50,1,1,50,1,1,16,0.95,1,50,1,1,4,0.84,1,9,0.96,8,2,9,0,22,0.136,1.52,0.0836,0.375,0.8,0.0836,519000000,904000000,381000000,674000000,914000000,381000000,0.000361,0.000219,0.000147,0.000147,0.00123,0.000147,6,15,-12,3,7,7,79.3820982507908,49.9516795795999,81.5503730688514,20.7953451325571,97.4947644562729,1686446.74153301,106.911411925949,0.0326778644766923,1.4253974522112,111.718739303033,2753268,0.000198597425225429,0.000141763128744835,85.84422,1.61575257742865e-07,1.2112348067711e-06,0.00011425286571376,"Leung_NMCNR_Pin_3",22,1.8,0.8,10,0
0.77,1,50,1,1,50,1,1,24,0.97,1,50,1,1,6,0.96,1,11,0.97,8,2,6,0,1,0.106,1.56,0.064,0.339,0.8,0.064,317000000,175000000,234000000,490000000,750000000,234000000,0.00031,0.000127,0.000125,0.000116,0.000941,0.000125,5,14,2,-6,15,-6,94.0934090521974,50.7236772881521,105.128191642679,26.8076888688832,85.4534029614103,1155557.6434503,107.247703938126,0.0191764216166478,0.671244175058585,110.492059215636,2394970,0.000134008381609126,0.000149446328325536,79.49621,1.98192104512139e-07,5.12660257011577e-07,0.000117693980036249,"Leung_NMCNR_Pin_3",22,1.8,0.8,10,0
0.885,0.333,18,0.896,1,50,1,0.3,50,1,1,4,1.03,1,44,0.994,1,1,1.12,8,2,5,22,28,0.0815913950402092,1.40077587249443,0.0455201340031375,0.499115415665222,0.800397785276036,0.0455201340031376,83159858.0597304,1198928575.99988,63031362.6004265,1432343031.61591,675969882.522274,63031362.6004266,0.000338497032875507,0.000113386807601359,0.000133722376114263,4.98370000325092e-05,0.000810422544882224,0.000133722376114263,10,10,-2,-2,-1,-12,81.462321042646,57.1305053180774,165.820762629138,42.2842944704302,77.2395698294323,1062715.19078912,106.400881688076,0.00478860014092031,312.6,118.344334649443,3084521,0.00010942080405848,0.000132628129247485,71.49862,2.57671198124025e-07,2.75187424979728e-06,0.00029029368494693,"Leung_NMCNR_Pin_3",22,1.8,0.8,10,0
0.888,0.333,18,1.02,1,50,1,0.3,50,1,1,4,1.03,1,44,0.994,1,1,1.01,8,2,5,18,41,0.0816220394754666,1.39013221105029,0.0455201340031372,0.509748588932033,0.800413488106878,0.0455201340031372,83170623.4272375,1108158122.8435,63031362.6004266,1506421669.95473,675970396.229398,63031362.6004266,0.00033853435017889,0.000116053520732507,0.000133722376114263,4.79070983575606e-05,0.000810422319747607,0.000133722376114263,1,8,-10,-11,8,11,81.2228735394247,56.8456480841877,165.649983087626,42.2407456873447,76.7992774013865,1057503.14810852,106.403411035549,0.00499156353760847,294.7,118.482922097603,3081597,0.00010942977982003,0.000132214526229102,72.00821,2.57888057782077e-07,2.93193035613759e-06,0.000300135660699086,"Leung_NMCNR_Pin_3",22,1.8,0.8,10,0
1,1,49,0.884,1,50,1,0.3,50,1,1,6,1.02,1,33,1.04,1,1,0.834,8,2,5,22,44,0.0822121139344665,1.36906326468854,0.0463151134594569,0.530789226527969,0.800262082875417,0.0463151134594569,98982516.0847359,173253297.405924,74757141.2735571,1662719575.23591,677635631.831287,74757141.2735571,0.000335480167690381,0.000109137081026165,0.000132900159432003,4.47319957038627e-05,0.000813312609125043,0.000132900159432003,7,-12,-7,-12,-2,2,83.4412217836348,56.9785241190473,166.709327797945,42.5108785884761,80.0481834318355,1065049.83395899,106.344647255986,0.00508472328933815,291,118.111492380011,3116152,0.000109953690801091,0.000135093192242928,72.34034,2.48141134759914e-07,1.61472879578517e-06,0.000203644009724835,"Leung_NMCNR_Pin_3",22,1.8,0.8,10,0
1.5,0.866,39,1.01,1,50,1,0.3,50,1,1,7,0.998,1,31,1.01,1,1,1.11,8,2,5,19,63,0.0827348256517518,1.39887780901061,0.0467191961635165,0.50101706890917,0.80024221435325,0.0467191961635165,105451296.363589,226228095.886457,79523840.7265508,1445218968.27871,678233152.111561,79523840.7265508,0.000333773035822924,0.000109954361341515,0.000132328984049509,4.99440838871134e-05,0.000814347624361688,0.000132328984049509,-15,12,-13,4,9,5,83.6883122227619,57.6565933865619,164.822290528507,42.0296840847692,81.293492503572,1079288.30399588,106.249187008654,0.00608859692591106,279.3,118.078297271541,3085350,0.000110113247357886,0.000124404660260518,78.94547,2.41062147892084e-07,1.51276088565133e-06,0.000189284095541309,"Leung_NMCNR_Pin_3",22,1.8,0.8,10,0
0.77,0.3,50,1,1,50,1,0.3,50,1,1,42,0.99,1,2,0.65,1,19,0.99,8,2,10,0,61,0.197,1.57,0.121,0.335,0.8,0.121,902000000,955000000,656000000,467000000,961000000,656000000,0.000284,0.000233,0.000116,0.00019,0.00132,0.000116,5,-9,-3,-10,2,9,87.1838543197296,38.9782484107393,191.512124958388,48.8355918643889,107.173049771315,1446011.84140273,106.621808275793,0.0155028427191205,1.84602644470331,119.044715325389,7104701,0.000218223043750416,0.000150383826075405,79.05851,1.56546022643883e-07,4.58347595779229e-07,4.54475125926113e-05,"Leung_NMCNR_Pin_3",22,1.8,0.8,10,0
0.77,1,50,1,1,50,1,0.3,50,1,1,50,1,1,3,0.97,1,6,0.9,8,2,10,0,17,0.148,1.48,0.0907,0.416,0.8,0.0907,594000000,222000000,434000000,910000000,962000000,434000000,0.000372,0.000189,0.000151,0.000137,0.00132,0.000151,2,10,-9,13,12,8,102.2241035335,48.4185262344075,187.572330568388,47.8309442949389,89.0388475914013,1811612.52315443,107.028127144223,0.0212840599327734,1.37196618536159,118.10657619335,7018148,0.00022009228868839,0.000154599148716135,71.2489,1.28464502546898e-07,3.99300610693931e-07,7.7233371169716e-05,"Leung_NMCNR_Pin_3",22,1.8,0.8,10,0
0.885,1,17,0.959,1,50,1,0.3,50,1,1,3,0.949,1,44,1.01,1,1,1.24,8,2,5.8,25,17,0.0819532577533595,1.39608275168059,0.0459104781351559,0.503802620374155,0.800277867200314,0.0459104781351559,90776652.0891421,283417705.678177,68677205.0226412,1460507746.7561,724848345.017105,68677205.0226412,0.000386316114997177,9.32126229384948e-05,0.000152809033825929,5.6363256460396e-05,0.000895536362480763,0.000152809033825929,12,0,-9,0,2,9,79.5844074349064,57.905629742191,162.726759369342,41.4953236391822,75.7874771779454,1240466.98332491,106.428680345102,0.00420241162649985,362.000000000001,116.740784197506,3485968,0.000126013042950761,0.000136162869842677,63.89236,2.13010730266061e-07,1.71491467579166e-06,0.000227776851306483,"Leung_NMCNR_Pin_3",22,1.8,0.8,10,0
0.885,0.852,15,1.13,1,50,1,0.3,50,1,1,2,0.951,1,50,1.04,1,1,1.1,8,2,5.75,23,24,0.0814824379345727,1.38504777826819,0.0453378903472138,0.514829050829603,0.800452785366243,0.0453378903472138,80422226.521377,358435131.625878,60959837.2575481,1537493433.07974,720195441.999766,60959837.2575481,0.000385193719928201,9.8165245422112e-05,0.00015203720781694,5.33611117654516e-05,0.000887373081596348,0.00015203720781694,5,3,-14,-1,12,-5,73.536938852837,57.7529307074169,162.040157209948,41.3202400885366,69.265322130502,1221595.54844768,106.631526294994,0.00443673660138359,326.300000000001,116.951621504886,3427489,0.000124424095527613,0.000131686971314594,64.8753,2.30039459353038e-07,2.94641781328875e-06,0.000365229118361787,"Leung_NMCNR_Pin_3",22,1.8,0.8,10,0
0.92,1,43,0.948,1,50,1,0.3,50,1,1,14,0.936,1,50,1,1,1,0.967,8,2,7,14,17,0.0816142630105952,1.34288459258194,0.0462383602015133,0.556933374371618,0.800101734619557,0.0462383602015133,96569794.4744176,208953939.694815,73166633.2188421,1827092699.30973,801516537.573465,73166633.2188421,0.000473157152839307,0.000140296303016799,0.000187777973159322,5.78436546090982e-05,0.00103113934607026,0.000187777973159322,0,14,5,-6,-15,0,86.2515791396347,55.4584449758597,165.49907536211,42.202264217338,89.1903553478173,1460030.97137436,107.108029577618,0.00510497961127879,323,116.955561921222,4357024,0.000154862212281847,0.00013894944045038,71.40149,1.7269980254718e-07,7.7133175059585e-07,9.16999911704242e-05,"Leung_NMCNR_Pin_3",22,1.8,0.8,10,0
0.885,0.333,24,1.04,1,50,1,0.3,50,1,1,30,0.99,1,44,0.994,1,1,1.01,8,2,5,16,27,0.0802073232090361,1.38609228851421,0.0456135164480588,0.5137860060903,0.800085057847052,0.0456135164480588,84950615.2009999,925656156.595486,64746451.2328196,1533453000.99616,684770832.158548,64746451.2328196,0.000349178089406144,0.000125180696968446,0.000138712074086293,4.89474670925567e-05,0.000825680217914108,0.000138712074086293,10,15,-7,15,-2,5,86.4271927006274,57.5019367925025,169.110861089651,43.1232695778609,94.271621280411,1102203.5898913,107.37089307629,0.00508648518123891,315.3,116.771123687789,3241536,0.000112753602581569,0.000138347839656295,72.73067,2.36461823557074e-07,7.95772645598714e-07,6.80798694823181e-05,"Leung_NMCNR_Pin_3",22,1.8,0.8,10,0
1.75,0.557,41,0.974,1,50,1,0.3,50,1,1,30,1.01,1,19,0.976,1,1,0.985,8,2,5,17,34,0.085786546187426,1.38341231770251,0.0495713094170327,0.51646740540554,0.800055502473191,0.0495713094170327,149185037.371893,405053805.509539,111752096.318227,1552857521.4091,684854279.306659,111752096.318227,0.000324966560017728,0.000122949966793929,0.000129651747633321,4.84926901116293e-05,0.0008258269708326,0.000129651747633321,-4,8,4,12,-15,13,87.3456725139673,56.4563093771216,169.673068643444,43.2666325040782,101.721027148022,1078602.12405729,106.654447811613,0.00630605089213244,298.2,117.371762139823,3241617,0.000112382804451945,0.000123705443201075,84.45464,2.24690230352965e-07,4.86985393824968e-07,5.20510674014707e-05,"Leung_NMCNR_Pin_3",22,1.8,0.8,10,0
0.885,1,50,1.11,1,50,1,0.3,50,1,1,20,1.05,1,44,0.973,1,1,0.83,8,2,5,18,48,0.0804493829417608,1.3657964799201,0.0456734158972166,0.534053212735846,0.800070833389098,0.0456734158972166,85892106.3696527,154994518.493574,65396897.3624793,1685235655.73803,683129526.551868,65396897.3624793,0.000346602828551904,0.000116667241611502,0.000137598201515031,4.52446031490253e-05,0.000822836826337377,0.000137598201515031,-13,0,-8,-9,8,-6,87.1391229500649,55.6300522595387,168.927174444104,43.0764294832464,96.0771238724382,1060418.14639703,107.234644588398,0.00528226833251301,288.7,116.836131646827,3220084,0.0001121292098241,0.000143603009828986,71.2654,2.39956060881907e-07,5.94376551700249e-07,6.28624045341253e-05,"Leung_NMCNR_Pin_3",22,1.8,0.8,10,0
1.75,0.557,41,0.974,1,50,1,0.3,50,1,1,30,1.02,1,19,0.976,1,1,0.964,8,2,5,15,39,0.0857836594672758,1.38112945762674,0.049571786735731,0.518737183853603,0.800054201739802,0.049571786735731,149190195.752482,405135851.802288,111757537.922137,1569753354.55719,684875752.483043,111757537.922137,0.000324986764604586,0.000123001694992149,0.000129661444885432,4.81021641466419e-05,0.000825864286814767,0.000129661444885432,-4,-3,-7,-3,4,3,87.399073974266,56.5171082821759,169.845301014578,43.3105517587175,101.433411285804,1079863.68088241,106.665501630096,0.00675440175819564,287.3,117.369516602045,3245208,0.000112393211407661,0.000123661879900344,84.433,2.2487679380461e-07,4.77597351484782e-07,5.12393016735002e-05,"Leung_NMCNR_Pin_3",22,1.8,0.8,10,0
1.84,0.557,50,0.974,1,50,1,0.3,50,1,1,30,1.02,1,19,0.976,1,1,0.964,8,2,5,16,51,0.0858462471829135,1.38113007367605,0.0495717867357309,0.518737214070235,0.800086204560354,0.0495717867357309,149232221.484657,356743539.977077,111757537.922138,1569753557.65795,684876561.984048,111757537.922138,0.000325057737025757,0.000126542067836219,0.000129661444885432,4.81021716382951e-05,0.000825863415707214,0.000129661444885432,-11,9,-15,15,-2,10,86.2822465431062,57.1436015261843,169.043514260352,43.1060961363898,100.690690906195,1091847.3825976,106.690495827885,0.00645576467147539,283.9,117.557423704783,3229928,0.0001123945899594,0.000122492454988782,86.15283,2.20814217573783e-07,6.68983950578572e-07,7.40767077952453e-05,"Leung_NMCNR_Pin_3",22,1.8,0.8,10,0
0.885,0.302,16,1.03,1,50,1,0.3,50,1,1,50,0.99,1,11,0.962,1,1,0.939,8,2,7.22,17,60,0.0979127910655805,1.33193006913441,0.0579986386431893,0.5678699577362,0.799911072944202,0.0579986386431893,252804878.584972,1670751484.9859,186907750.875902,1903239375.05269,820909869.330151,186907750.875902,0.000407942396134131,0.00016128630888883,0.000163785280669254,5.89875513103391e-05,0.00106579409655949,0.000163785280669254,12,-15,-6,12,-3,-4,94.5020710900123,54.1992602629958,176.317459833873,44.9609522576375,84.1730370227883,1489796.57888781,107.010999247741,0.00645022372641893,278.9,117.444653797354,4846508,0.000161690570038251,0.00013336280591125,74.1756,1.60565724748756e-07,2.56159172875026e-07,8.47472495200119e-05,"Leung_NMCNR_Pin_3",22,1.8,0.8,10,0
0.92,1,50,0.948,1,50,1,0.3,50,1,1,14,0.936,1,50,1,1,1,0.96,8,2,7,15,55,0.0816686055924193,1.34200186151736,0.0462383602015134,0.557816583649993,0.800130309068135,0.0462383602015134,96592777.1495896,195061558.322811,73166633.2188425,1833630500.72046,801517326.330932,73166633.2188425,0.000473250862403107,0.000145357737828126,0.000187777973159323,5.76773057297719e-05,0.00103113868937623,0.000187777973159323,-4,0,11,-3,-2,-8,85.5706798067745,55.0461333866951,165.688039303577,42.2504500224122,86.8037278474884,1449201.87569458,107.138937833077,0.00551833431357213,277.1,117.213409161401,4362076,0.000154864954018931,0.000138412253932769,72.30836,1.72526266750119e-07,9.21296105560465e-07,0.000113635720345173,"Leung_NMCNR_Pin_3",22,1.8,0.8,10,0
0.77,0.3,50,1,1,50,1,0.3,50,1,1,50,1,1,10,0.9,1,2,0.68,8,2,5,0,41,0.0949,1.42,0.0558,0.477,0.8,0.0558,227000000,591000000,168000000,1320000000,687000000,168000000,0.000295,0.000135,0.000118,5.53e-05,0.00083,0.000118,-14,-8,2,1,-12,-4,85.3458217785505,58.0826843567881,180.964884731142,46.1460456064413,97.6033137942539,1113348.50109413,107.026024872458,0.0137454760443911,1.69779822481207,117.777998432651,3468796,0.000112754926919972,0.000145856471165995,73.63402,2.30399199785691e-07,1.00332715261775e-06,7.62899282734653e-05,"Leung_NMCNR_Pin_3",22,1.8,0.8,10,0
0.92,1,43,1,1,50,1,0.3,50,1,1,50,0.99,1,50,1,1,1,0.967,8,2,7,12,1,0.0806098893636862,1.33966546280194,0.0463174166597163,0.560148516648354,0.799850632770649,0.0463174166597163,97858652.3786311,206378551.10003,74460449.293559,1848781595.93553,808668038.207572,74460449.293559,0.000483034034590865,0.000144825352528439,0.00019249181793252,5.86587694549951e-05,0.00104391701698578,0.00019249181793252,-2,8,7,2,6,3,99.8951024110902,54.8523905091153,169.261497320232,43.1616818166592,84.0266690555178,1474316.87280488,108.469046275885,0.004212383827057,441.500000000002,115.243478130034,4549393,0.000158105273306706,0.000141360549097978,70.57634,1.65359001565992e-07,5.1905453668788e-07,0.000112667630069008,"Leung_NMCNR_Pin_3",22,1.8,0.8,10,0
0.885,1,50,1.05,1,50,1,0.3,50,1,1,38,0.991,1,50,0.989,1,1,0.68,8,2,6,16,5,0.080172124593836,1.31679110910802,0.0458111479785911,0.582995191784054,0.799947460456903,0.0458111479785911,88569866.6871613,175379666.016644,67512308.9540174,2037085296.33122,749113396.764758,67512308.9540174,0.000417457250147028,0.000135005248033272,0.000166067791601704,4.66526096195245e-05,0.000938220211375178,0.000166067791601704,-14,-3,-6,-14,14,0,91.8562963590782,55.9325443706619,170.893397066079,43.5778162518502,90.5751023016764,1287529.53234345,108.054148462704,0.00431198500349608,388.600000000001,115.555593260715,3933851,0.000135407806253932,0.000145198813053656,70.399,1.93828075820699e-07,1.21502525460282e-07,4.00603034497182e-05,"Leung_NMCNR_Pin_3",22,1.8,0.8,10,0
0.955,1,50,1.02,1,50,1,0.3,50,1,1,50,0.99,1,50,1,1,1,0.935,8,2,6.41,13,6,0.080229102367555,1.34690825304696,0.0460036159113123,0.55292084319312,0.799890431087885,0.0460036159113123,92209546.5970063,183341436.675627,70268928.0586756,1802705012.2599,774846283.998688,70268928.0586756,0.00044570017008763,0.000140912320891854,0.000177503572639881,5.50826953612423e-05,0.000983729177503381,0.000177503572639881,9,14,3,8,10,-15,95.8747112563131,53.8968275364976,170.718927996736,43.5333266391676,86.2923309578681,1328859.37834856,108.506428380995,0.00470959218400166,370.600000000001,115.589444385537,4209180,0.000145033023833272,0.000141973185148529,71.55821,1.80310059058305e-07,3.64523354751123e-07,8.27108548869804e-05,"Leung_NMCNR_Pin_3",22,1.8,0.8,10,0
0.885,0.609,29,1.04,1,50,1,0.3,50,1,1,50,0.997,1,50,0.99,1,1,1.05,8,2,7.12,16,12,0.0808377554218274,1.34760432504935,0.0464247879947638,0.552224518075282,0.799894645513092,0.0464247879947638,99720048.6790882,514611692.922096,75805539.5637756,1790325080.41626,815422190.423704,75805539.5637756,0.000490473263136144,0.000151980619403879,0.000195409796212693,6.11964257884633e-05,0.00105598029350653,0.000195409796212693,7,-11,-11,-7,-11,2,94.8992801700937,56.3638361932695,168.275259257176,42.9101911105798,84.6585601384803,1540551.98419856,108.35216859851,0.00424519416125174,352.400000000001,115.485368923791,4599346,0.000160778100060687,0.000137597397008726,71.43688,1.63336004339984e-07,3.46846352202723e-07,8.65016513452721e-05,"Leung_NMCNR_Pin_3",22,1.8,0.8,10,0
0.885,1,50,1.25,1,50,1,0.3,50,1,1,42,0.979,1,46,1.05,1,1,0.764,8,2,5.71,18,15,0.0798694429344442,1.33796327855235,0.0456700779734177,0.561861689776103,0.799958124129536,0.0456700779734178,87131987.8916452,157021434.344676,66449444.4305845,1881678151.69816,731731098.640569,66449444.4305846,0.000399165792804477,0.00013416383023423,0.000158808982039879,4.75793243064036e-05,0.000907633950250539,0.000158808982039879,10,-8,-3,-13,4,-1,91.4073118571807,54.2291091781594,171.457831308149,43.7217469835779,92.6725451186104,1190338.3093034,108.191945171533,0.00437935736570904,342.400000000001,116.023395058585,3763529,0.000129118662667354,0.000146213112961575,71.12293,2.0055839663807e-07,5.37427546631886e-08,2.92300082841424e-05,"Leung_NMCNR_Pin_3",22,1.8,0.8,10,0
0.885,1,50,1.02,1,50,1,0.3,50,1,1,50,0.99,1,50,1.01,1,1,0.935,8,2,6.41,14,11,0.0801487552307513,1.34690825300008,0.0459571019496958,0.552920843239938,0.799890475493092,0.0459571019496958,91581522.8793808,183341436.706874,69802482.2599226,1802705012.57615,774846284.979547,69802482.2599226,0.000446076350061264,0.000140912320931841,0.000177646215663552,5.50826953727202e-05,0.000983729176043307,0.000177646215663552,0,-1,-9,9,-9,1,95.8674756693779,53.746722369532,171.511088144906,43.735327476951,86.2402038752938,1325204.76122725,108.520942679282,0.00464596819539118,341.000000000001,115.583423922886,4228859,0.000145038093137475,0.000145142361519181,70.30786,1.80629928744056e-07,3.64149519810342e-07,8.27033992280013e-05,"Leung_NMCNR_Pin_3",22,1.8,0.8,10,0
1.09,1,50,1.08,1,50,1,0.3,50,1,1,35,0.99,1,46,1.01,1,1,0.899,8,2,5.75,15,15,0.0802785653905185,1.35668489184974,0.0458582108335334,0.54316154040832,0.799969782259636,0.0458582108335334,89789657.1675495,169048588.113607,68398430.6806618,1739960919.05162,733431647.424084,68398430.6806618,0.000399448114187724,0.000130501392374569,0.000158898111960323,5.08188448747384e-05,0.00091061966570522,0.000158898111960323,-10,11,-2,1,11,2,90.7705096926603,55.5681456318245,168.830542044218,43.0517882212757,93.1862753611468,1224733.73033859,107.85948266147,0.00484845564568672,340.800000000001,116.168259362305,3721061,0.000129648308017125,0.000138665835465028,74.0113,1.9753377498489e-07,8.94076308405323e-08,2.3643595807088e-05,"Leung_NMCNR_Pin_3",22,1.8,0.8,10,0
0.92,1,46,1.03,1,50,1,0.3,50,1,1,30,0.96,1,44,1,1,1,0.968,8,2,10.9,14,16,0.0849434662125749,1.27798660815801,0.0489523954098945,0.621729843405646,0.799944499534226,0.0489523954098945,140263419.928857,238115286.825212,105268612.195079,2258736615.20843,999330200.894578,105268612.195079,0.000704783700050571,0.000203430039430696,0.000281064339438258,7.43173396915998e-05,0.00138948215052427,0.000281064339438258,12,6,-9,-14,-15,-1,90.1181888259782,52.9224519534302,155.565899863822,39.6693044652747,92.1913298819977,2175280.3257134,107.528210252008,0.00525738327648846,325.8,115.792126655371,6394251,0.000241783329183298,0.000135279972823051,76.8656,1.08897373422064e-07,6.52538095846644e-08,2.93863430662622e-05,"Leung_NMCNR_Pin_3",22,1.8,0.8,10,0
0.885,1,42,0.992,1,50,1,0.3,50,1,1,37,0.92,1,43,0.997,1,1,0.723,8,2,6,21,28,0.0808833311945109,1.32498644610719,0.0463030279379683,0.574801600366417,0.799919800589103,0.0463030279379683,97636320.4988286,195261937.940106,74202609.5577585,1974601616.76113,748472799.704546,74202609.5577585,0.000412573021051937,0.000128005382006759,0.000164228420685215,4.77339148111054e-05,0.000937092768294084,0.000164228420685215,5,11,0,-2,10,7,93.7963759723634,56.0821750829536,170.557533032153,43.4921709231991,88.1562412635646,1287477.08413021,107.656639367946,0.00431827375556121,319.200000000001,115.61211863559,3915485,0.000135041028657118,0.000143929037100674,69.71265,2.04228376228044e-07,2.36621386548452e-07,6.06611634299536e-05,"Leung_NMCNR_Pin_3",22,1.8,0.8,10,0
0.885,1,50,1.13,1,50,1,0.3,50,1,1,38,0.937,1,50,0.984,1,1,0.746,8,2,6,22,24,0.0802895234707189,1.32878924515488,0.0458262347464366,0.571000432562186,0.799966486284689,0.0458262347464365,88822916.468325,169013436.410922,67670983.7263127,1945481524.68648,748728341.796069,67670983.7263127,0.000416811050389391,0.000136623579001579,0.000165748335314838,4.83561829842614e-05,0.000937539937789493,0.000165748335314838,14,3,-6,-4,-12,-6,90.9003907875505,55.6795939130666,170.812807857245,43.5572660035975,93.1017410059647,1279986.35695898,107.989189273742,0.00433069250228525,317.800000000001,115.997998862366,3926718,0.000135226049300558,0.000145818330075972,70.93564,1.94463394667926e-07,8.58291092536989e-08,2.32357500171698e-05,"Leung_NMCNR_Pin_3",22,1.8,0.8,10,0
1.07,0.728,43,0.998,1,50,1,0.3,50,1,1,39,1,1,50,0.998,1,3,0.77,8,2,9,13,29,0.0824303045214484,1.41841218280026,0.0473410403090612,0.481495126287783,0.799970881744705,0.0473410403090612,115378836.302686,376788625.158844,87203690.3266095,1338649155.2318,912298693.389791,87203690.3266095,0.000604748312326995,0.000184193015327627,0.000240949422495227,9.54715107958579e-05,0.00123057077020211,0.000240949422495226,10,1,-2,14,-9,8,89.5414436443149,52.3525051773611,158.30661081611,40.368185758108,92.4260455184783,1792297.0028339,108.039397406687,0.00559371642758142,306.8,115.350840615576,5419654,0.000201383362846996,0.000133947491810753,79.28006,1.27198977056342e-07,1.46026921748477e-07,2.16778245780702e-05,"Leung_NMCNR_Pin_3",22,1.8,0.8,10,0
0.885,1,34,0.986,1,50,1,0.3,50,1,1,16,0.981,1,50,1.01,1,2,0.786,8,2,5.86,22,35,0.0804445139090118,1.42229500249764,0.0456069235207638,0.477615254647557,0.800035768439087,0.0456069235207638,84993106.3006439,211001751.008224,64709971.3431171,1311324980.41307,736290562.854628,64709971.3431171,0.000403258231659683,0.000116765907117944,0.000160057334911694,6.3313010421896e-05,0.000915638666423292,0.000160057334911694,-9,10,-8,14,-9,2,88.2431102552196,55.8059783213069,167.434449217685,42.6957845505097,105.950581093854,1237348.28020027,107.192168557223,0.00463616071902699,306.5,115.946224116793,3712411,0.000130425440324495,0.000146245820755153,68.83034,1.99407648060045e-07,4.37674437942515e-07,3.93986877806896e-05,"Leung_NMCNR_Pin_3",22,1.8,0.8,10,0
0.885,1,50,1.15,1,50,1,0.3,50,1,1,30,1,1,50,1,1,1,0.924,8,2,10.4,16,30,0.0835696062490995,1.27822820749508,0.0480000234940987,0.621499933188941,0.799978599672484,0.0480000234940987,125910602.030453,214855878.543021,94822237.6877593,2261498430.01032,977066234.970047,94822237.6877593,0.000685454908976599,0.000207308938437525,0.000273109253527533,7.11093569706539e-05,0.00134866622322875,0.000273109253527533,-13,12,10,-2,-11,-9,88.8863845286059,52.2175455029692,155.758994974213,39.7185437184245,97.7179868666059,2052779.63187345,107.813603037836,0.00505776345701116,305.9,115.948375669682,6123208,0.000231247451193418,0.00013982673239898,76.53113,1.1702277922989e-07,2.25564184674343e-07,1.11534431597171e-05,"Leung_NMCNR_Pin_3",22,1.8,0.8,10,0
0.885,1,50,1.02,1,50,1,0.3,50,1,1,38,1.01,1,50,0.985,1,1,0.746,8,2,6,20,35,0.0801755438126399,1.3285308972565,0.0458274484898323,0.571258071922415,0.799941304609337,0.0458274484898323,88841194.0510733,177702300.624699,67717789.4356138,1947226881.86944,749198098.664484,67717789.4356138,0.000417461492626782,0.000133971654377616,0.000166079476729045,4.84073914786978e-05,0.00093837000333817,0.000166079476729045,11,10,-4,-2,-13,-11,92.2195149847257,55.4131838162165,170.965971475491,43.5963227262503,89.859269573896,1275833.9456473,108.068066513656,0.00437294952029382,305.000000000001,115.665260240773,3936323,0.000135435379196438,0.000145340663422098,70.32236,1.95188469613973e-07,1.56894791756845e-07,4.58203365568677e-05,"Leung_NMCNR_Pin_3",22,1.8,0.8,10,0
0.885,1,50,1.09,1,50,1,0.3,50,1,1,30,0.96,1,50,1,1,1,0.968,8,2,10.4,15,28,0.0836011412104582,1.28528096134401,0.0479954781776591,0.614449207674011,0.799976980666441,0.0479954781776591,125844129.012157,219712307.346101,94758869.0509491,2210823187.64282,976733325.441481,94758869.0509491,0.000684860843661628,0.000204127897632435,0.000272835614642941,7.24773817731078e-05,0.00134805686980372,0.000272835614642941,15,15,14,6,-4,-14,88.9902474206078,52.4646338864983,155.516363318137,39.6566726461249,97.4590648646481,2060740.73262779,107.755561341399,0.00543555929727218,300.1,116.036308892451,6108475,0.000231050965414148,0.000139600878182147,76.26541,1.14558510010002e-07,2.17320603598248e-07,1.00083457994504e-05,"Leung_NMCNR_Pin_3",22,1.8,0.8,10,0
0.885,1,50,1.05,1,50,1,0.3,50,1,1,38,0.991,1,50,0.989,1,1,0.906,8,2,6.09,17,35,0.0802443417111833,1.35025215132681,0.0458601325012033,0.549585343581312,0.799948579056428,0.0458601325012033,89488204.4762726,176230861.594407,68190637.7887172,1782755090.60172,754537438.095317,68190637.7887172,0.000423224007751849,0.000135852213688057,0.000168370689368019,5.27084635967824e-05,0.000947789922577228,0.000168370689368019,-1,-13,-11,9,-3,-3,91.7435006669813,54.4614637624236,170.858167943553,43.568832825606,90.6597996416435,1271827.15318484,108.056239986407,0.00477260946713605,297.1,115.959316736199,3990015,0.000137369355841052,0.000145946083123266,70.6957,1.99029953636999e-07,1.12542802218618e-07,3.94348398797817e-05,"Leung_NMCNR_Pin_3",22,1.8,0.8,10,0
1.09,1,50,1.07,1,50,1,0.3,50,1,1,43,0.99,1,46,1.01,1,1,1.07,8,2,5.75,16,41,0.0801373232838416,1.37589087151834,0.0458686000969167,0.523973156601539,0.79993144881847,0.0458686000969167,89970685.5660813,169914105.805773,68577370.0977033,1599713427.20639,734393911.932228,68577370.0977033,0.000400664473136003,0.000130257628164758,0.000159475614348945,5.44844685668769e-05,0.000912312927052705,0.000159475614348945,-6,8,-5,15,11,6,93.031332407649,54.2035051512463,169.696649552561,43.272645635903,89.1910558952282,1198212.42049802,108.152068866018,0.00490772038044326,292.1,115.958626482189,3751282,0.000130034180191917,0.000138944470116897,73.79204,2.02384490589035e-07,1.90757764268468e-07,5.25163543829699e-05,"Leung_NMCNR_Pin_3",22,1.8,0.8,10,0
0.885,1,50,1.1,1,50,1,0.3,50,1,1,38,0.991,1,50,0.984,1,1,0.68,8,2,6,21,52,0.0802130514911848,1.31679139606502,0.0458304158672649,0.582995199812128,0.799954064893005,0.0458304158672649,88896700.9098068,171503743.17201,67748977.2410051,2037085350.68902,749113552.311725,67748977.2410051,0.000417348500048724,0.000136306004630957,0.000166013170389705,4.66526110837585e-05,0.000938220011143537,0.000166013170389705,4,11,13,12,0,2,91.4742327213075,55.7257562235472,170.985632361971,43.6013362523027,91.3827644856215,1282765.43407355,108.057618889183,0.00447860839552426,291.900000000001,115.631027398933,3935962,0.000135407386733204,0.000145375311674783,70.64937,1.9355636391989e-07,8.3881637497063e-08,3.4169692131103e-05,"Leung_NMCNR_Pin_3",22,1.8,0.8,10,0
0.885,0.852,35,1.11,1,50,1,0.3,50,1,1,35,0.997,1,50,1.02,1,1,0.929,8,2,5.75,19,50,0.0797826414301528,1.36041417059035,0.0455452055167527,0.539432036886652,0.799942727842496,0.0455452055167527,84043417.9797136,253357159.528883,64154828.0230614,1712089850.50466,733478032.324729,64154828.0230614,0.000401772468584242,0.000125942662899322,0.000159783977884618,5.1476827695007e-05,0.000910703085514787,0.000159783977884618,-15,6,-9,5,-4,-15,92.2547669008557,55.9967257640172,169.987528258814,43.3468197059976,89.2787831897951,1234748.55697052,107.914518022368,0.00466236375045174,287.7,115.823114044214,3748288,0.000129708062509187,0.000144095843429355,69.91262,2.01243203901049e-07,1.43955752338609e-07,4.6271707325074e-05,"Leung_NMCNR_Pin_3",22,1.8,0.8,10,0
0.885,0.971,17,0.789,1,50,1,0.3,50,1,1,3,0.949,1,44,1.01,1,1,0.869,8,2,6.59,26,63,0.0825228211712036,1.34100299445677,0.0463622136283915,0.558798285103126,0.800252898496199,0.0463622136283915,99026865.5521285,337709070.762333,74741985.3821675,1848776175.57527,771189947.854858,74741985.3821675,0.000434375004596565,9.63530906022203e-05,0.000171967648907909,5.28348697543473e-05,0.000977221677617098,0.000171967648907909,4,9,-13,-6,5,4,78.5863158604272,56.9654363324471,158.761792310317,40.4842570391308,75.5522264051003,1384044.25915034,106.409788191688,0.00448157600379124,278.9,116.130246506924,3857310,0.000142918888060795,0.000134264491911477,62.37691,1.99344856791983e-07,1.54123774816217e-06,0.000208442141461429,"Leung_NMCNR_Pin_3",22,1.8,0.8,10,0
0.885,1,50,1.02,1,50,1,0.3,50,1,1,50,0.983,1,50,1.01,1,1,0.949,8,2,7.66,16,59,0.0810805469844218,1.32534186452999,0.0466099429415985,0.574455169587752,0.799880530768528,0.0466099429415985,103246748.210156,198734276.356657,78404018.2135836,1946698380.58245,844782541.397703,78404018.2135836,0.000524891480187571,0.000161298974313974,0.000209192543760382,6.12136351181534e-05,0.00110860567734244,0.000209192543760382,-5,4,14,-2,-8,-12,95.719769280759,55.3067385634903,166.913978542065,42.5630645282266,85.7965008659519,1623643.34748401,108.508170199299,0.00466001597113007,278.1,115.472109643132,4900104,0.000172688599410543,0.000138907384710641,71.84054,1.5226668756451e-07,3.73928944405466e-07,8.71636616629479e-05,"Leung_NMCNR_Pin_3",22,1.8,0.8,10,0
0.77,1,50,1,1,50,1,0.3,50,1,1,50,0.99,1,6,0.84,1,8,0.92,8,2,8,0,10,0.118,1.52,0.0715,0.378,0.8,0.0715,396000000,201000000,290000000,691000000,863000000,290000000,0.000373,0.00016,0.00015,0.000129,0.00114,0.00015,-9,-14,8,3,-4,-8,99.4714594579187,52.2012862647981,185.648313761437,47.3403200091664,89.4926491905808,1575847.28527184,107.097385589005,0.0136483069549922,1.29134856487542,115.96940138721,5604333,0.000177575890876366,0.000151554885149049,70.38844,1.44621729247782e-07,3.87485017820377e-07,7.63209084548855e-05,"Leung_NMCNR_Pin_3",22,1.8,0.8,10,0
0.77,1,50,0.99,1,41,0.99,0.3,50,1,1,24,0.97,1,7,0.87,1,12,1,8,2,10,0,11,0.12,1.54,0.0718,0.36,0.8,0.0718,401000000,219000000,293000000,590000000,1060000000,293000000,0.000457,0.000182,0.000184,0.000169,0.00122,0.000184,14,13,5,0,-12,-6,89.913736885163,47.737176819965,180.577357723912,46.0472262195976,105.51259669913,1772094.80578837,106.145230698322,0.0192205962415706,1.09726068197112,116.127309046014,6703375,0.000218364130166012,0.000169205753700717,72.68589,1.24130397010066e-07,1.66292733032036e-07,6.0348321651027e-06,"Leung_NMCNR_Pin_3",22,1.8,0.8,10,0
0.53,1,50,0.99,1,50,1,0.3,50,1,1,50,0.99,1,50,1,1,50,0.99,8,2,11,10,3,0.0836370819451048,1.60913145629467,0.0483343030655808,0.290858985872504,0.799878987308914,0.0483343030655808,130922723.222226,224670181.643848,98646807.7023005,284582084.917221,1007511606.74918,98646807.7023005,0.000725807028033125,0.000190099131070939,0.000289699287857012,0.000240763082166611,0.0014045108728802,0.000289699287857012,-6,10,-2,8,-10,-2,93.3598805973354,48.0413415448272,170.497090723637,43.4767581345274,85.3798509771992,2000917.69704358,108.936449363838,0.00391910543810122,395.000000000002,110.175199987972,7101189,0.000244999488394256,0.000220639856749555,64.15538,1.08015890269968e-07,2.87790418093126e-07,8.94211524108401e-05,"Leung_NMCNR_Pin_3",22,1.8,0.8,10,0
0.72,1,50,1,1,50,1,0.3,50,1,1,50,0.99,1,28,1,1,50,1,8,2,12,1,3,0.0905146312917353,1.60573315761823,0.0530160227141587,0.294256457130928,0.799869016008679,0.0530160227141587,194388508.991746,232112647.694063,144691351.014304,296744600.503971,1051155796.39416,144691351.014304,0.000728361099396519,0.000202882492012257,0.000291715470463595,0.00025890431839434,0.00148488327519649,0.000291715470463595,-9,-1,11,-8,7,7,94.2360889913077,46.3684328660889,171.591648275174,43.7558703101695,85.9376300140107,2096629.11741795,108.238625268432,0.00512359267878437,388.250000000001,110.819022452284,7758814,0.000265980791091593,0.000193663030650228,71.06213,9.89113695926656e-08,3.1434587413004e-07,8.96336202707015e-05,"Leung_NMCNR_Pin_3",22,1.8,0.8,10,0
0.72,0.3,50,1,1,50,1,0.3,50,1,1,50,1,1,50,1,1,50,1,8,2,13,1,7,0.0855147376151034,1.6022303761501,0.0492827688115999,0.297758394499377,0.80014389790436,0.0492827688115999,145221912.786195,1119251209.97939,108820684.591031,309976246.622866,1093085535.73652,108820684.591031,0.000842297001138994,0.000282184307411446,0.000335881396064715,0.000276346754173419,0.00156241508067281,0.000335881396064715,-5,-10,-7,-11,-10,9,83.6468419314733,40.6175204835161,151.063162574593,38.5211064565211,95.45167357172,1992846.46095923,108.805330751761,0.00481822391799055,377.650000000001,112.027184034724,7411720,0.000288610089965833,0.000200971770109441,80.33519,8.85645168760378e-08,1.36023219637293e-06,0.000130954701984765,"Leung_NMCNR_Pin_3",22,1.8,0.8,10,0
0.56,1,50,1,1,50,1,0.3,50,1,1,50,0.99,1,50,1,1,50,0.99,8,2,11,10,13,0.0836403694840568,1.60913146202107,0.0483343030655808,0.290858987006874,0.799880842496677,0.0483343030655808,130924681.796586,223716782.121908,98646807.7023005,284582089.067468,1007511642.13721,98646807.7023005,0.000725815622404989,0.000190604284396505,0.000289699287857012,0.000240763087410932,0.00140451080238872,0.000289699287857012,-9,-12,5,-6,13,-13,93.3765172522627,48.2867176373878,169.447585524287,43.2091343086931,85.5158590551427,2011138.95787027,108.939432713779,0.0040005524023447,376.400000000002,110.196627760045,7057482,0.000244999655035213,0.000218764757881221,65.24197,1.08018315300848e-07,2.78773041160751e-07,8.77008094576359e-05,"Leung_NMCNR_Pin_3",22,1.8,0.8,10,0
0.72,1,50,1,1,50,1,0.3,50,1,1,50,1,1,50,0.99,1,36,0.99,8,2,13,1,10,0.0851269449179715,1.58584780197147,0.0493506683339736,0.314138710729065,0.799860276077095,0.0493506683339735,145806664.687995,241574489.398687,109474917.203399,376095053.684963,1093080270.44935,109474917.203399,0.000839894783192611,0.000217213961594608,0.000335489267423686,0.000262733392024796,0.00156242616805247,0.000335489267423686,0,-2,-9,-9,-3,-7,93.6693129581889,46.8532856444923,164.795775621909,42.0229227835867,84.6639082835866,2299804.99884018,108.818105111236,0.00485336932983104,373.250000000001,110.440769877384,8089041,0.000288736734531447,0.000177969278972219,71.10502,8.41159017680223e-08,3.27900761437072e-07,9.79070736616405e-05,"Leung_NMCNR_Pin_3",22,1.8,0.8,10,0
0.72,1,50,0.99,1,50,1,0.3,50,1,1,50,1,1,50,1,1,50,0.99,8,2,13,1,12,0.0850261884524576,1.60187077028608,0.0492827688115999,0.29811798184502,0.799862080872889,0.0492827688115999,144901879.438225,241119514.954336,108820684.591032,311762363.147742,1093080303.97655,108820684.591032,0.000840852047090738,0.000214271453562757,0.000335881396064715,0.000275928840421182,0.00156242609751383,0.000335881396064715,5,9,-1,15,10,-13,93.5533808779599,46.2509786218785,167.001027365733,42.585261978262,84.6532307329539,2269049.63587729,108.95916666348,0.00473770085665742,368.550000000001,110.045428986276,8192986,0.000288585262344359,0.000189232311758171,70.61319,8.42388389781304e-08,3.18755586664055e-07,9.78353268158427e-05,"Leung_NMCNR_Pin_3",22,1.8,0.8,10,0
0.74,1,47,0.98,1,50,1,0.3,50,1,1,50,0.99,1,50,1,1,11,0.96,8,2,15,10,26,0.0863360765939576,1.50515601873536,0.0501936111171659,0.39480351458896,0.799814534163933,0.0501936111171659,157632833.391404,270449148.994209,118080361.669963,782680217.700273,1171957226.9324,118080361.669963,0.000951701497285959,0.000242617135731219,0.000380465299171824,0.000219164324990481,0.00170913477711812,0.000380465299171824,10,-6,13,-4,2,-2,95.7804208303968,47.5137688350589,156.583081864891,39.9286858755472,82.6806132868564,2687385.10411458,108.567398421441,0.00486302067197161,354.350000000002,112.136696682215,8856360,0.000332706667116626,0.000151749329936931,73.47603,7.70152200799904e-08,4.8460079295598e-07,0.000125954600515898,"Leung_NMCNR_Pin_3",22,1.8,0.8,10,0
0.72,1,50,1,1,50,1,0.3,50,1,1,50,0.99,1,50,1,1,50,1,8,2,15,1,16,0.0864011872973355,1.59588003499037,0.0501936111171657,0.304107060721439,0.799851083325269,0.0501936111171657,157679367.897696,254784815.560865,118080361.669963,334696071.466565,1171957909.98016,118080361.669963,0.000951916957875501,0.000237469647537668,0.000380465299171826,0.000309898045121831,0.00170913334239221,0.000380465299171826,1,13,0,-3,8,-2,93.2118060134515,44.1822208617197,164.066669220079,41.8370006511202,84.343412400289,2492849.1009924,108.947693871876,0.00560994569421677,350.750000000001,109.990470835458,9256969,0.000331894095750103,0.000181890936798326,72.37877,7.65374953410995e-08,3.21284434832703e-07,0.000100834578645181,"Leung_NMCNR_Pin_3",22,1.8,0.8,10,0
0.92,1,33,0.98,1,50,1,0.3,50,1,1,50,0.99,1,33,0.98,1,2,0.53,8,2,14,3,25,0.0904058071447896,1.26462369010214,0.0530939239130161,0.635012971511358,0.799716227423535,0.0530939239130161,195001132.157032,310836271.035734,145271069.330628,2433848258.32439,1133194093.09492,145271069.330628,0.000845595351834671,0.000215684779606659,0.00033888968406048,9.03138834071719e-05,0.00163691790880596,0.00033888968406048,3,8,15,8,-6,9,98.0152985820049,52.0434919605687,154.438750785239,39.3818814502358,79.2705361132198,2751570.16845351,107.849153914159,0.00663367572118332,345.300000000001,113.859371381627,8165268,0.000311003475430112,0.000129728056743733,75.94307,8.39198653569597e-08,9.21045866605907e-07,0.000199279170984945,"Leung_NMCNR_Pin_3",22,1.8,0.8,10,0
0.74,1,50,0.99,1,50,1,0.3,50,1,1,50,0.99,1,50,1,1,50,1,8,2,13,8,35,0.0850382152619897,1.60224180352306,0.0492813401604682,0.297746961894111,0.799863921073439,0.0492813401604682,144886298.732325,241060400.039967,108802841.779357,309932581.016731,1092984209.4347,108802841.779357,0.00084068178934599,0.000214179675912773,0.000335796741694429,0.00027628857910921,0.00156224786936142,0.000335796741694429,13,-1,-7,-11,2,1,93.4422003670288,46.0944745350725,166.609324089201,42.4853776427462,84.7622395351851,2260873.29107557,108.945858113101,0.00475415680525061,342.900000000001,110.063389543661,8171968,0.0002885216674564,0.000186906736283145,71.32081,8.7018833900979e-08,3.09433565819361e-07,9.62028919960778e-05,"Leung_NMCNR_Pin_3",22,1.8,0.8,10,0
0.92,1,50,1,1,50,1,0.3,50,1,1,30,0.99,1,50,1,1,50,1,8,2,13,10,36,0.0854339898996066,1.60265477505616,0.0492282380349512,0.297334100795415,0.799974833608311,0.0492282380349513,144303042.313444,239117201.326359,108161913.810212,308357757.151625,1089211088.78169,108161913.810212,0.00083448957849943,0.000213356476967165,0.000332769269895347,0.000274193134102553,0.00155524823807844,0.000332769269895347,-7,15,5,3,0,-13,88.3461223485413,45.6000489586702,161.242080796585,41.1167306031291,96.6817624246492,2219063.9217297,108.222918090393,0.00538551620133592,340.200000000002,110.781121454452,7846625,0.000286256648506588,0.000169332000121926,78.25666,8.68045348909638e-08,3.35713898152457e-07,1.26177867825206e-05,"Leung_NMCNR_Pin_3",22,1.8,0.8,10,0
1.18,0.6,50,1,1,50,1,0.3,50,1,1,50,0.99,1,50,1,1,50,1,8,2,12,6,27,0.0845744686393734,1.60573307541748,0.0488124109641129,0.294256539315788,0.800003703928884,0.0488124109641129,138214693.442664,500433536.673726,103849059.028116,296744907.641104,1051158331.20724,103849059.028116,0.000784372352748084,0.00023023778339482,0.000312936574826568,0.000258904718862403,0.00148487808753491,0.000312936574826568,5,-12,12,13,-4,3,87.4880720188499,42.4085880379189,163.339096596006,41.6514696319815,94.5856294931094,1923434.05214843,108.86643192463,0.00584355310520841,340.200000000001,111.08799149311,7408216,0.000266793083129714,0.000162757646088683,87.74839,9.28413205097175e-08,4.44000854469828e-07,3.22836218635825e-05,"Leung_NMCNR_Pin_3",22,1.8,0.8,10,0
0.92,1,50,0.99,1,50,1,0.3,50,1,1,50,0.99,1,50,1,1,23,0.98,8,2,12,10,39,0.0843279230794697,1.56582249541014,0.0488124109641129,0.334160803888555,0.799862929758408,0.0488124109641129,138060235.137928,236409571.482418,103849059.028116,465118034.281792,1051155681.81562,103849059.028116,0.000783684549083062,0.000207558271987802,0.000312936574826568,0.000226898023833234,0.00148488350959262,0.000312936574826568,13,0,-6,4,10,6,94.0706013360296,47.2431928420947,159.88359619414,40.7703170295056,84.7718633150272,2145373.04442797,108.697654068522,0.00499496469855181,335.950000000001,111.080136308235,7260516,0.000267125075140287,0.000157152184990155,76.87103,9.12034282020413e-08,3.40396924360942e-07,9.71079038558642e-05,"Leung_NMCNR_Pin_3",22,1.8,0.8,10,0
0.61,1,50,1,1,50,1,0.3,50,1,1,50,0.99,1,50,1,1,50,0.99,8,2,13,10,44,0.0850415174760582,1.60188206202121,0.0492813401604679,0.298106700989408,0.799865787107647,0.0492813401604679,144888472.952971,240095405.895311,108802841.779357,311719162.079844,1092984244.29131,108802841.779357,0.000840691605760229,0.000214837904438156,0.000335796741694428,0.000275871693958197,0.00156224779678611,0.000335796741694428,-11,15,-14,-5,2,-11,93.3236414159313,47.2894543868958,169.962958536421,43.3405544267873,84.8973728549416,2319512.92610756,108.94058013431,0.00453564131035859,333.650000000001,110.092353794159,8336558,0.000288525081540517,0.000206615402482174,66.73833,8.52707923940793e-08,3.00591043894127e-07,9.4431269010764e-05,"Leung_NMCNR_Pin_3",22,1.8,0.8,10,0
1.36,1,50,1,1,50,1,0.3,50,1,1,50,1,1,6,0.88,1,10,0.92,8,2,12,4,30,0.130638064151779,1.51084121861326,0.0793017858934478,0.389123687531985,0.799850503559174,0.0793017858934478,476943461.463436,238601971.714212,348716387.52603,752778895.397055,1051248846.51622,348716387.52603,0.000504922377274688,0.0002133801967476,0.000204148690877752,0.000181393110208302,0.00148505637772404,0.000204148690877752,-10,14,-5,10,-6,6,99.8445325165845,50.6052382987486,182.88930854549,46.6367736791,88.7779957560084,2270916.78663051,107.154841234542,0.00875117875686275,333.500000000001,116.06536219209,8207182,0.000263971369132617,0.000131234867839842,91.37205,9.31072752061342e-08,4.1261406672044e-07,8.60788239308574e-05,"Leung_NMCNR_Pin_3",22,1.8,0.8,10,0
1.18,0.6,50,1,1,50,1,0.3,50,1,1,44,0.98,1,14,0.96,1,50,0.99,8,2,14,6,31,0.107091541675172,1.59871659607608,0.0636927134422761,0.301271356932915,0.79997998150279,0.0636927134422761,315486424.505403,538111896.308263,231727517.642761,323955168.962776,1132119802.79781,231727517.642761,0.000716842656877575,0.000258363258193282,0.000288113494190935,0.000292208169835267,0.00163490025159959,0.000288113494190935,-12,4,3,-11,-14,7,88.1046598134739,30.7552202813865,162.501770648055,41.437951515254,100.396988842137,1606311.37584416,107.442728930347,0.00887458531037359,330.7,113.173544056252,8487289,0.000307228833339253,0.000172735697670174,92.81211,7.72397635770135e-08,3.27183562491284e-07,2.22114508546811e-05,"Leung_NMCNR_Pin_3",22,1.8,0.8,10,0
0.56,0.3,50,1,1,50,1,0.3,50,1,1,50,1,1,9,0.91,1,50,1,8,2,12,10,46,0.116445839672461,1.60572174282596,0.069743927360126,0.294267869269141,0.800065271874654,0.069743927360126,379298332.50203,1059177371.4873,277602229.820076,296787250.899018,1051252866.47744,277602229.820076,0.000568968277432614,0.000263649427018738,0.000229060330899575,0.000258959931124232,0.0014850480655762,0.000229060330899575,-6,-2,-10,1,-4,2,85.3396678802711,41.7306088171714,186.108610505215,47.4576956788298,107.182783442023,1873262.69541832,107.448266621663,0.0065293903203428,329.700000000001,114.64055622361,8354307,0.000264055393350885,0.00021688335171713,74.90947,9.59447381079261e-08,8.46968596880937e-07,7.38199678281815e-05,"Leung_NMCNR_Pin_3",22,1.8,0.8,10,0
0.74,1,50,0.99,1,50,1,0.3,50,1,1,50,0.99,1,50,1,1,50,1,8,2,12,8,47,0.0843429889063676,1.60573314866323,0.0488124109641129,0.294256458620842,0.799871457599548,0.0488124109641129,138069699.075294,233088620.127048,103849059.028116,296744606.072,1051155842.35819,103849059.028116,0.000783726692565307,0.00020232713012553,0.000312936574826568,0.000258904325654346,0.0014848831811644,0.000312936574826568,-11,-8,-14,-3,10,-10,93.4957640552355,47.1029466722802,166.030738094326,42.3378382140532,85.0637674423021,2136241.48153614,108.945858113101,0.00502200424231354,319.300000000001,110.115233726753,7529927,0.000266780047741098,0.00019694875017511,70.89219,9.8491161327997e-08,2.98436146385361e-07,9.28298624209845e-05,"Leung_NMCNR_Pin_3",22,1.8,0.8,10,0
1.36,1,50,1,1,50,1,0.3,50,1,1,50,1,1,50,1,1,50,1,8,2,12,4,55,0.0843343991467798,1.60572186112017,0.048813762148122,0.294267750994313,0.799871644972004,0.048813762148122,138087408.383786,232138222.842671,103866550.903086,296786808.856701,1051249242.40568,103866550.903086,0.000783898803174262,0.000202920366406061,0.000313016985526024,0.000258959354715507,0.00148505555960012,0.000313016985526024,-4,12,10,-8,11,2,93.4747988472956,39.3086274348701,165.897380259943,42.3038319662853,85.0926632336085,1783128.62892898,108.980732241989,0.00640661939726806,293.6,110.113471709006,7525482,0.000266836891017256,0.000159478494763453,88.56158,9.16574294279777e-08,2.97878808683261e-07,9.26113591381839e-05,"Leung_NMCNR_Pin_3",22,1.8,0.8,10,0
1.02,0.887,50,0.983,1,50,1,0.3,50,1,1,43,0.998,1,50,1,1,34,1,8,2,11.7,12,51,0.0842837962234655,1.58843056273765,0.0486566710839625,0.311556875400432,0.79993063964979,0.0486566710839625,135836009.731056,281278934.787759,102149100.322461,364894634.534158,1037281823.59117,102149100.322461,0.000765024559083262,0.000206559961356059,0.000305248712788387,0.000239651463144033,0.00145928936829647,0.000305248712788387,6,12,-8,-5,-12,-12,90.3885366042063,46.5982745360744,159.641602888428,40.708608736549,89.2058844616479,2058477.95811324,108.535745494284,0.00534838147566204,286.7,110.939388305822,7052165,0.000259852837724288,0.000157361233315872,80.39724,9.7752556506704e-08,9.09637182966438e-08,4.82437572109085e-05,"Leung_NMCNR_Pin_3",22,1.8,0.8,10,0
0.885,0.3,50,0.994,1,50,1,0.3,50,1,1,50,1,1,9,0.91,1,50,1,8,2,10.7,12,55,0.113179388369045,1.61064604572409,0.0676474743482676,0.289344659017117,0.800072842051078,0.0676474743482676,357340611.771806,981102127.082785,261795151.749042,278673909.652656,994121851.404952,261795151.749042,0.000522769462544697,0.000238816296011799,0.000210312750714667,0.000235712758101515,0.00137991564601023,0.000210312750714667,-8,-1,-12,3,11,-15,85.3008367550578,52.9365572523026,178.083541176511,45.4113030000103,106.701105084439,2124417.31415135,107.455409356626,0.00702210570607617,283.9,114.453750894116,7146739,0.000236066965530533,0.000174489534801393,83.30322,1.00610091578876e-07,8.79066076411861e-07,7.50375495590649e-05,"Leung_NMCNR_Pin_3",22,1.8,0.8,10,0
0.885,1,50,1.01,1,50,1,0.3,50,1,1,50,0.984,1,50,1.02,1,1,0.972,8,2,13.1,15,49,0.0848107348485496,1.24684922979839,0.0491785427240751,0.652808692332912,0.79983260515558,0.0491785427240751,143786949.072471,251069146.254202,108019837.971472,2460007683.15892,1097016322.85041,108019837.971472,0.0008482489223426,0.000237367324647731,0.000338855827453072,8.24264572932235e-05,0.00156972430650363,0.000338855827453072,-1,14,7,-1,-4,7,95.628974814698,48.4627702039158,156.227966697295,39.8381315078102,83.7290472248654,2406615.31183409,108.524048026232,0.00464757828233042,280.3,114.600022160719,7758133,0.000292112081052761,0.000133687026573203,77.06429,8.97708423281112e-08,4.55867001496468e-07,0.000110527067547439,"Leung_NMCNR_Pin_3",22,1.8,0.8,10,0
0.885,1,50,1,1,50,1,0.3,50,1,1,50,0.99,1,50,1,1,50,0.99,8,2,13.1,12,61,0.0851104727039856,1.60154473312191,0.0493277479296273,0.298443945771827,0.799865041623113,0.0493277479296272,145553533.127261,240866972.730521,109285764.996716,313011959.042905,1097075247.52358,109285764.996716,0.000846336236862351,0.000216006717143986,0.000338062816710656,0.000277583465905894,0.00156983116789844,0.000338062816710655,8,11,0,-14,11,7,93.3182467283103,44.4945136595261,160.260247904939,40.8663632157594,84.8681751803465,2198852.66160049,108.946890731218,0.00442833042803035,277.100000000001,110.087406213717,7919823,0.000290697129991219,0.000172440619819937,76.87405,8.45177288489631e-08,3.01666176277804e-07,9.47600568406148e-05,"Leung_NMCNR_Pin_3",22,1.8,0.8,10,0
0.885,1,47,0.98,1,50,1,0.3,50,1,1,50,0.99,1,50,1.01,1,11,0.969,8,2,15,12,62,0.0862004494049299,1.5057237843451,0.0501118331718434,0.39423579552271,0.799814641906682,0.0501118331718434,156717378.758095,270421636.291431,117412707.298789,778910612.16338,1171957228.94612,117412707.298789,0.000953045198732303,0.000242571029434409,0.000380983310440341,0.000219770507953969,0.00170913477288883,0.000380983310440341,1,-15,-15,2,-4,9,95.7599788497537,46.3425128287745,155.296895764797,39.6007084200232,82.6704250857854,2621242.51309234,108.587766345938,0.00531257280869741,276.5,112.113556312716,8783961,0.000332719843298002,0.000146689757889785,78.54796,7.93311940577987e-08,4.83705935046541e-07,0.00012596417319588,"Leung_NMCNR_Pin_3",22,1.8,0.8,10,0
