MOSFET_0_1_L_BIASCM0_PMOS,MOSFET_0_1_M_BIASCM0_PMOS,MOSFET_0_1_W_BIASCM0_PMOS,MOSFET_2_2_L_LOAD2_PMOS,MOSFET_2_2_M_LOAD2_PMOS,MOSFET_2_2_W_LOAD2_PMOS,MOSFET_3_2_L_gm1_PMOS,MOSFET_3_2_M_gm1_PMOS,MOSFET_3_2_W_gm1_PMOS,MOSFET_5_2_L_LOAD1_NMOS,MOSFET_5_2_M_LOAD1_NMOS,MOSFET_5_2_W_LOAD1_NMOS,MOSFET_7_1_L_gm2_NMOS,MOSFET_7_1_M_gm2_NMOS,MOSFET_7_1_W_gm2_NMOS,CURRENT_0_BIAS,gen,index,VDS0,VDS2,VDS3,VDS5,VDS7,ft0,ft2,ft3,ft5,ft7,gm0,gm2,gm3,gm5,gm7,gmid_offset0,gmid_offset2,gmid_offset3,gmid_offset5,gmid_offset7,CMRR,FOML,FOMS,FOM_AW,PSRR,SR,chip_area,d_settle,fitness,gain,gbw,ivdd_27,noise,pm,settlingTime,tc,vos,Topo,Tech_nodes,VDD,VCM,CL,RUN
2,1,5,10,20,2,2,18,4,2,1,3,2,6,7,50,30,62,1.49762788186263,1.95733357294089,0.611430097034379,1.01971428555176,1.02423786172942,595482417.621542,30125817.9727228,196787360.057923,1596486608.04021,1713154711.66937,7.54560899531075e-05,0.000139485822650537,0.000325544940207035,0.000132717204842431,0.000324206130570958,12,5,15,4,-13,87.1908085475073,475.63328882878,1.03367575379995,697.731133814966,54.3015093303072,94309613728.8027,34.554305086342,0.0101651141374851,278.2,54.4909894173117,204959500,0.000440627105628815,0.000437211658959607,46.63732,3.96697150307809e-09,2.63592197014884e-06,0.00349273497445513,"PseudoTwoSt_Null_Pin_1",180,5,2,0.01,0
3,1,2,10,20,2,2,13,6,2,1,2,2,12,6,50,15,54,2.95055345125282,2.11878689763909,0.565538853335549,1.15891192243118,1.16343903762889,452758799.978847,32344612.7872642,187457156.470529,1816948506.5731,1945305355.73288,3.35199250699629e-05,0.000150190141653232,0.000337543588027394,0.000102688866072335,0.000318096956278498,10,-13,11,4,-6,75.6531115769449,343.800141312279,0.931597559639824,628.828352756881,57.0455462454971,79038294790.5137,35.6370593624109,0.0162379842056387,-3.36556,55.4107075307399,214170600,0.0005108801131367,0.000416959119869104,43.4702,4.74818359674097e-09,2.8436841158852e-06,0.00271592676082921,"PseudoTwoSt_Null_Pin_1",180,5,2,0.01,0
2,1,2,10,20,2,2,9,7,2,1,2,2,8,6,50,15,61,2.43897255265008,2.12892375378421,0.591196360334919,1.16372477831351,1.16822485622773,842660460.547293,32480798.806382,209739692.112985,1824338430.43238,1953072886.35641,4.27382394029617e-05,0.000150849369008552,0.000306903138550443,0.000103123122396333,0.000319433609497074,13,-15,15,7,-15,81.8076600532101,345.402424319123,1.00722527065522,679.877057692273,56.1514946617066,80357030691.2695,34.0587727318528,0.0165032068243067,-3.51755799999999,54.5011706570736,234328500,0.000516994574273593,0.000474434078074599,43.40111,3.982528585653e-09,5.71575392880552e-06,0.00297800061526488,"PseudoTwoSt_Null_Pin_1",180,5,2,0.01,0
2,1,3,10,20,2,2,9,7,2,1,2,2,8,6,50,14,43,1.95447028682238,2.13828695664441,0.59272177206336,1.16817138747046,1.17264696003802,723691773.16652,32606301.8027326,210660722.675688,1831148095.42521,1960222864.7481,5.49315923112373e-05,0.000151457015254733,0.000308344636816569,0.000103523278800754,0.000320664556579921,10,-15,15,7,-15,81.6319588915437,341.664347010415,1.00092582139054,675.624929438614,55.8714166969442,80004980165.2715,34.0881210981186,0.01679465849425,-3.679104,54.463644041838,234379300,0.000520361127426313,0.00047938646250189,43.32768,3.9693980266621e-09,7.98058619504993e-06,0.00297118679229813,"PseudoTwoSt_Null_Pin_1",180,5,2,0.01,0
2,1,3,10,20,2,2,7,4,2,1,2,3,8,6,50,10,19,1.95447028682238,1.72840842150443,0.796398818534552,1.16650811062824,1.17091403243187,723691773.16652,26817874.5891153,304321447.622325,1828602914.66742,856470607.540633,5.49315923112373e-05,0.000123620689987284,0.000199820674815766,0.000103373716539855,0.000206469764022181,10,-15,15,7,-15,78.6016824518141,2.68320013196893,1.19971286239213,809.80618211469,51.8200475417182,479716910.493578,32.7108544675922,0.0130264856905342,-6.443822,54.6326615737869,214491100,0.000397300807410277,0.000643538562060489,42.07099,3.101349202455e-09,5.3166370805946e-06,0.00435696188733603,"PseudoTwoSt_Null_Pin_1",180,5,2,0.01,0
2,1,3,10,20,2,2,7,4,2,1,2,3,8,6,50,12,47,1.95447028682238,1.72840842150443,0.796398818534552,1.16650811062824,1.17091403243187,723691773.16652,26817874.5891153,304321447.622325,1828602914.66742,856470607.540633,5.49315923112373e-05,0.000123620689987284,0.000199820674815766,0.000103373716539855,0.000206469764022181,10,-15,15,7,-15,78.6016824518141,2.68320079482667,1.19971286239213,809.80618211469,51.8200475417182,479717029.00284,32.7108544675922,0.0128127311838362,-6.443822,54.6326615737869,214491100,0.000397300807410277,0.000643538562060489,42.07099,3.10134907821708e-09,5.3166370805946e-06,0.00435696188733603,"PseudoTwoSt_Null_Pin_1",180,5,2,0.01,0
2,1,4,9,20,2,2,6,6,2,1,2,3,12,6,50,10,24,1.26322458388689,1.28980160832428,0.393319744484503,1.20757851567358,1.22005613391355,647285407.800908,31468196.0465795,286489129.939514,1481273825.63818,667535569.967395,6.93620540951576e-05,0.000136888651483142,0.000249047303928079,8.70326605967877e-05,0.000167283550121419,10,-15,15,4,-6,78.4241234523048,3.40951495736137,1.14007993712007,769.55395755605,52.0270013223236,613165148.615031,33.1058907144937,0.013070948644597,-8.002962,55.5858389102719,205031300,0.000399643127009194,0.000578504902517586,41.36229,3.37868533194598e-09,5.59411806707377e-06,0.00421222264701493,"PseudoTwoSt_Null_Pin_1",180,5,2,0.01,0
2,1,4,9,20,2,2,6,6,2,1,2,3,12,6,50,12,60,1.26322458388689,1.28980160832428,0.393319744484503,1.20757851567358,1.22005613391355,647285407.800908,31468196.0465795,286489129.939514,1481273825.63818,667535569.967395,6.93620540951576e-05,0.000136888651483142,0.000249047303928079,8.70326605967877e-05,0.000167283550121419,10,-15,15,4,-6,78.4241234523048,3.40951457360481,1.14007993712007,769.55395755605,52.0270013223236,613165079.60048,33.1058907144937,0.014428924238362,-8.002962,55.5858389102719,205031300,0.000399643127009194,0.000578504902517586,41.36229,3.37868618741114e-09,5.59411806707377e-06,0.00421222264701493,"PseudoTwoSt_Null_Pin_1",180,5,2,0.01,0
2,1,4,9,20,2,2,7,4,2,1,2,3,7,6,50,10,26,1.6773375905499,1.65308187584037,0.797731145161153,1.16903918314994,1.17393479288806,649173284.75274,31810304.8780444,305027349.200032,1832475062.4096,858877486.527256,6.5793749058982e-05,0.000131842320346235,0.0002003127894808,0.00010360125515765,0.000207076176371537,10,-15,15,4,-15,77.4123901564928,2.73324252671014,1.19340306910983,805.547071649133,50.879758488184,491171167.828422,31.2089730686545,0.0112221480086225,-8.428926,54.3546413057889,214457800,0.000399339419534399,0.000656775316284303,41.16867,3.19400818858712e-09,6.22930717988579e-06,0.0048173594756169,"PseudoTwoSt_Null_Pin_1",180,5,2,0.01,0
2,1,4,9,20,2,2,7,4,2,1,2,3,7,6,50,12,63,1.6773375905499,1.65308187584037,0.797731145161153,1.16903918314994,1.17393479288806,649173284.75274,31810304.8780444,305027349.200032,1832475062.4096,858877486.527256,6.5793749058982e-05,0.000131842320346235,0.0002003127894808,0.00010360125515765,0.000207076176371537,10,-15,15,4,-15,77.4123901564928,2.73324252257922,1.19340306910983,805.547071649133,50.879758488184,491171167.086084,31.2089730686545,0.0112220537241741,-8.428926,54.3546413057889,214457800,0.000399339419534399,0.000656775316284303,41.16867,3.19400819251714e-09,6.22930717988579e-06,0.0048173594756169,"PseudoTwoSt_Null_Pin_1",180,5,2,0.01,0
2,5,4,9,20,2,2,7,4,2,1,2,3,7,6,50,11,51,0.893998802728278,1.66551510246158,0.801907209386722,1.17696900290288,1.18185064750507,331428734.568931,32043295.8120098,307223730.293411,1844570580.69441,865163899.52573,0.000164579711251924,0.000132844453904731,0.00020184942456393,0.000104312019117773,0.000208661019398261,10,-15,15,4,-15,76.9651891335731,2.89584459382178,1.13378617044204,765.30566504838,51.1598795994074,531534697.578243,31.7175030543074,0.0083367659470201,-13.342362,54.2905683320926,208107400,0.000407890747784111,0.00070158432448882,38.93529,3.74970228791046e-09,6.4841509818292e-06,0.00477437032654304,"PseudoTwoSt_Null_Pin_1",180,5,2,0.01,0
2,1,3,10,20,2,2,7,7,2,1,2,2,8,6,50,11,14,1.95447028682238,2.13756443225573,0.636004372255154,1.16782822181282,1.17230457015632,723691773.16652,32596577.1088971,237621648.374286,1830623172.61629,1959676519.20482,5.49315923112373e-05,0.000151410095275285,0.00027184904207496,0.000103492432823243,0.000320569939142802,10,-15,15,7,-15,80.5377109010753,360.043836128046,1.08501262952732,732.383524930941,54.7870782036127,84266963722.668,33.2565782966318,0.0149822799572755,-3.954148,53.3786899186612,253943300,0.000520103111325337,0.000544062306209971,43.20266,3.39393181969512e-09,8.81520607968089e-06,0.00335294978282308,"PseudoTwoSt_Null_Pin_1",180,5,2,0.01,0
3,1,2,10,20,2,2,6,6,2,1,2,2,12,6,50,12,22,2.95055345125282,2.11167427844384,0.700833192316841,1.15553565310248,1.16007739047251,452758799.978847,32248656.7145737,270708249.541506,1811752335.64301,1939857610.95251,3.35199250699629e-05,0.000149726429919741,0.000228366802518309,0.000102383520511745,0.000317157619253909,10,-13,11,4,-6,70.5595939306494,3.35414744693504,1.19026227617193,803.427036416055,53.8779787506329,770002863.35577,33.1963853453957,0.0109946276907415,-4.10159199999999,52.0859037798263,273245400,0.000510149747795828,0.000613522062378831,43.13564,3.47874730929613e-09,3.69362339005974e-06,0.0039416244507251,"PseudoTwoSt_Null_Pin_1",180,5,2,0.01,0
3,1,2,10,20,2,2,6,6,2,1,2,2,12,6,50,13,29,2.95055345125282,2.11167427844384,0.700833192316841,1.15553565310248,1.16007739047251,452758799.978847,32248656.7145737,270708249.541506,1811752335.64301,1939857610.95251,3.35199250699629e-05,0.000149726429919741,0.000228366802518309,0.000102383520511745,0.000317157619253909,10,-13,11,4,-6,70.5595939306494,3.35414746911826,1.19026227617193,803.427036416055,53.8779787506329,770002868.448313,33.1963853453957,0.0109946249466529,-4.10159199999999,52.0859037798263,273245400,0.000510149747795828,0.000613522062378831,43.13564,3.47874728725612e-09,3.69362339005974e-06,0.0039416244507251,"PseudoTwoSt_Null_Pin_1",180,5,2,0.01,0
3,1,2,10,20,2,2,6,6,2,1,2,2,12,6,50,14,54,2.95055345125282,2.11167427844384,0.700833192316841,1.15553565310248,1.16007739047251,452758799.978847,32248656.7145737,270708249.541506,1811752335.64301,1939857610.95251,3.35199250699629e-05,0.000149726429919741,0.000228366802518309,0.000102383520511745,0.000317157619253909,10,15,11,-1,-6,70.5595939306494,3.35414738908543,1.19026227617193,803.427036416055,53.8779787506329,770002850.075385,33.1963853453957,0.0111421452765185,-4.10159199999999,52.0859037798263,273245400,0.000510149747795828,0.000613522062378831,43.13564,3.47874733923006e-09,3.69362339005974e-06,0.0039416244507251,"PseudoTwoSt_Null_Pin_1",180,5,2,0.01,0
2,1,4,10,20,2,2,10,4,2,1,2,2,6,6,50,13,32,1.6773375905499,2.14195830250331,0.716841949030935,1.16991520281723,1.17437876444128,649173284.75274,32655321.1061215,259172896.247081,1833813943.36038,1963030380.35587,6.5793749058982e-05,0.000151694774971956,0.000241695844758725,0.000103679931543093,0.000321146811635353,10,-15,15,4,-15,79.7647015324427,326.923013585846,1.13296891221204,764.754015743124,53.6859657370378,76865143257.6133,32.3728281124773,0.0113271797093358,-4.36860599999999,52.3284179085733,266380200,0.000522482120753208,0.000606773553266772,43.01427,3.04408221180847e-09,1.05607602799507e-05,0.0037271183472849,"PseudoTwoSt_Null_Pin_1",180,5,2,0.01,0
3,1,4,10,20,2,2,6,6,2,1,2,2,20,6,50,14,58,2.03137788672838,2.13327642011675,0.705518292462683,1.16579174181837,1.17027766325072,348219368.225441,32539053.3808668,273331603.438714,1827505972.78741,1956410822.97029,5.16125631485728e-05,0.000151131816283146,0.000230724760171739,0.00010330925694867,0.000320006880155833,10,-15,15,9,-15,79.2455751994559,3.36282614417344,1.17938904349192,796.087604357045,53.3627522934199,778911790.815593,34.6987031457949,0.0114351266814477,-4.528678,51.9947802163391,273175000,0.000514720362127661,0.000622124345081117,42.94151,2.92555556429701e-09,9.21143722568463e-06,0.00393100311248906,"PseudoTwoSt_Null_Pin_1",180,5,2,0.01,0
2,1,3,10,20,2,2,12,2,2,1,2,2,6,6,50,14,57,1.95447028682238,2.13197413198165,0.934139439429609,1.16517329695916,1.16965944410737,723691773.16652,32521449.9359519,319574847.022576,1826558618.89566,1955429149.643,5.49315923112373e-05,0.000151047072110359,0.000179383155790265,0.000103253587556719,0.000319836327336067,10,-14,15,6,-15,77.7777082735354,3.43193576199746,1.24688366604246,841.646474578658,51.4531995727695,801423784.858525,31.3368792319848,0.00788246253461337,-4.439006,49.8333118723817,291171600,0.000518932132661338,0.000768477658385049,42.98227,2.87430310941597e-09,9.60860249811457e-06,0.00491683766801021,"PseudoTwoSt_Null_Pin_1",180,5,2,0.01,0
2,1,4,10,20,2,2,14,2,2,1,2,2,6,6,50,14,60,1.6773375905499,2.13882330059487,0.89493076602729,1.16842613004396,1.17289544222478,649173284.75274,32613260.7345358,298886638.934779,1831537695.99918,1960651861.03974,6.5793749058982e-05,0.000151491460089517,0.000195287633045477,0.000103546172846581,0.000320736043004539,9,-15,15,4,-10,78.4278915141422,3.07352664375624,1.20734499354133,814.957870640395,51.9380015652094,721744997.497292,31.6227766016838,0.00871863094825977,-4.587572,50.5120898332903,283516400,0.00052183630015846,0.000721963881814927,42.91474,2.84936332083408e-09,1.20066178925859e-05,0.00453243688938398,"PseudoTwoSt_Null_Pin_1",180,5,2,0.01,0
2,1,5,10,20,2,2,8,2,2,1,2,2,20,6,50,12,23,1.49762788186263,2.13975934995364,1.06215482001153,1.16887072537545,1.17333294078271,595482417.621542,32625576.8888332,384053721.452222,1832217520.65571,1961384548.6963,7.54560899531075e-05,0.000151551819897354,0.000144639293365704,0.000103586121276581,0.000320859926020044,14,-15,-11,3,-15,75.7051358564317,4.25403954429632,1.27973923258731,863.823981996438,49.3517415510781,1000597744.12028,33.4962684488885,0.00859422889498664,-4.657378,47.9038010777174,301009000,0.000522691554541562,0.000938217916181413,42.88301,2.40164990622204e-09,1.58716544418691e-05,0.00608089594706485,"PseudoTwoSt_Null_Pin_1",180,5,2,0.01,0
2,1,5,10,20,2,2,8,2,2,1,2,2,20,6,50,13,33,1.49762788186263,2.13975934995364,1.06215482001153,1.16887072537545,1.17333294078271,595482417.621542,32625576.8888332,384053721.452222,1832217520.65571,1961384548.6963,7.54560899531075e-05,0.000151551819897354,0.000144639293365704,0.000103586121276581,0.000320859926020044,14,-15,-11,0,-15,75.7051358564317,4.25403955908041,1.27973923258731,863.823981996438,49.3517415510781,1000597747.59767,33.4962684488885,0.00865364366399045,-4.657378,47.9038010777174,301009000,0.000522691554541562,0.000938217916181413,42.88301,2.40164993116102e-09,1.58716544418691e-05,0.00608089594706485,"PseudoTwoSt_Null_Pin_1",180,5,2,0.01,0
2,1,5,10,20,2,2,8,2,2,1,2,2,20,6,50,14,61,1.49762788186263,2.13975934995364,1.06215482001153,1.16887072537545,1.17333294078271,595482417.621542,32625576.8888332,384053721.452222,1832217520.65571,1961384548.6963,7.54560899531075e-05,0.000151551819897354,0.000144639293365704,0.000103586121276581,0.000320859926020044,14,-15,-11,1,-15,75.7051358564317,4.25403954371862,1.27973923258731,863.823981996438,49.3517415510781,1000597743.9844,33.4962684488885,0.00859422858610966,-4.657378,47.9038010777174,301009000,0.000522691554541562,0.000938217916181413,42.88301,2.40164990621209e-09,1.58716544418691e-05,0.00608089594706485,"PseudoTwoSt_Null_Pin_1",180,5,2,0.01,0
2,1,4,10,20,2,2,10,2,2,1,2,2,6,6,50,10,8,1.6773375905499,2.13702721146209,0.988678589449186,1.16757307080743,1.17204450787902,649173284.75274,32589095.9125703,347542155.244087,1830232815.11342,1959292878.43025,6.5793749058982e-05,0.000151374837507336,0.000163051737993156,0.00010346949428396,0.000320500792680177,10,-12,15,4,-15,76.8220803082509,3.85552056274629,1.26681955499333,855.103199620501,50.4392380945845,904351223.311708,31.1126983722081,0.00763478061460722,-4.67346,48.9644150304319,297145300,0.00052124462894983,0.000843284440671764,42.8757,2.44233368106712e-09,1.31222814300047e-05,0.00540201705818921,"PseudoTwoSt_Null_Pin_1",180,5,2,0.01,0
2,1,4,10,20,2,2,10,2,2,1,2,2,6,6,50,10,9,1.6773375905499,2.13702721146209,0.988678589449186,1.16757307080743,1.17204450787902,649173284.75274,32589095.9125703,347542155.244087,1830232815.11342,1959292878.43025,6.5793749058982e-05,0.000151374837507336,0.000163051737993156,0.00010346949428396,0.000320500792680177,9,-15,15,4,-15,76.8220803082509,3.85552057828545,1.26681955499333,855.103199620501,50.4392380945845,904351226.956575,31.1126983722081,0.00768236136788617,-4.67346,48.9644150304319,297145300,0.00052124462894983,0.000843284440671764,42.8757,2.44233368694913e-09,1.31222814300047e-05,0.00540201705818921,"PseudoTwoSt_Null_Pin_1",180,5,2,0.01,0
2,1,4,10,20,2,2,10,2,2,1,2,2,6,6,50,10,10,1.6773375905499,2.13702721146209,0.988678589449186,1.16757307080743,1.17204450787902,649173284.75274,32589095.9125703,347542155.244087,1830232815.11342,1959292878.43025,6.5793749058982e-05,0.000151374837507336,0.000163051737993156,0.00010346949428396,0.000320500792680177,10,-15,15,4,-15,76.8220803082509,3.85552059856515,1.26681955499333,855.103199620501,50.4392380945845,904351231.713382,31.1126983722081,0.00784439143028099,-4.67346,48.9644150304319,297145300,0.00052124462894983,0.000843284440671764,42.8757,2.44233370769508e-09,1.31222814300047e-05,0.00540201705818921,"PseudoTwoSt_Null_Pin_1",180,5,2,0.01,0
2,1,4,10,20,2,2,10,2,2,1,2,2,6,6,50,13,36,1.6773375905499,2.13702721146209,0.988678589449186,1.16757307080743,1.17204450787902,649173284.75274,32589095.9125703,347542155.244087,1830232815.11342,1959292878.43025,6.5793749058982e-05,0.000151374837507336,0.000163051737993156,0.00010346949428396,0.000320500792680177,9,-15,15,4,-10,76.8220803082509,3.85552060046092,1.26681955499333,855.103199620501,50.4392380945845,904351232.158055,31.1126983722081,0.00784437772790153,-4.67346,48.9644150304319,297145300,0.00052124462894983,0.000843284440671764,42.8757,2.44233370883413e-09,1.31222814300047e-05,0.00540201705818921,"PseudoTwoSt_Null_Pin_1",180,5,2,0.01,0
2,1,4,10,20,2,2,12,2,2,1,2,2,6,6,50,12,27,1.6773375905499,2.13805324593141,0.935830513853962,1.16806038501581,1.17253059723095,649173284.75274,32602901.0960178,320417000.281818,1830978311.86341,1960069358.59944,6.5793749058982e-05,0.000151441464162657,0.000179885867278171,0.0001035133018304,0.000320635199938054,10,-12,15,4,-15,77.6911183312752,3.44726252147707,1.23813527802478,835.741312666723,51.251521467024,809110797.743968,31.3687742827162,0.00817544371161858,-4.71180600000001,49.8069243960563,290604100,0.000521580234688997,0.000776086131494113,42.85827,2.85219060432096e-09,1.25888258396956e-05,0.00490809883179022,"PseudoTwoSt_Null_Pin_1",180,5,2,0.01,0
2,1,4,10,20,2,2,12,2,2,1,2,2,6,6,50,13,40,1.6773375905499,2.13805324593141,0.935830513853962,1.16806038501581,1.17253059723095,649173284.75274,32602901.0960178,320417000.281818,1830978311.86341,1960069358.59944,6.5793749058982e-05,0.000151441464162657,0.000179885867278171,0.0001035133018304,0.000320635199938054,10,-12,15,6,-15,77.6911183312752,3.44726252144099,1.23813527802478,835.741312666723,51.251521467024,809110797.735498,31.3687742827162,0.0081754574839391,-4.71180600000001,49.8069243960563,290604100,0.000521580234688997,0.000776086131494113,42.85827,2.85219060505195e-09,1.25888258396956e-05,0.00490809883179022,"PseudoTwoSt_Null_Pin_1",180,5,2,0.01,0
2,1,4,10,20,2,2,11,2,2,1,2,2,8,6,50,11,18,1.6773375905499,2.13758037565295,0.960418670090073,1.167835794122,1.17230656694491,649173284.75274,32596538.923893,333130371.455761,1830634756.6885,1959711550.65209,6.5793749058982e-05,0.000151410759393676,0.000171669478093935,0.000103493113536839,0.000320573261475069,10,-12,15,4,-15,77.2759925925922,3.64793349214167,1.25294944297359,845.740874007175,50.8636943940957,855955314.985966,31.6227766016838,0.00779449968193068,-4.722146,49.4059160183881,293993500,0.000521424780985882,0.000807753718992642,42.85357,2.46500922155205e-09,1.2869452591544e-05,0.00513679021273106,"PseudoTwoSt_Null_Pin_1",180,5,2,0.01,0
2,1,4,10,20,2,2,11,2,2,1,2,2,1,6,50,12,29,1.6773375905499,2.13758037565295,0.960418670090073,1.167835794122,1.17230656694491,649173284.75274,32596538.923893,333130371.455761,1830634756.6885,1959711550.65209,6.5793749058982e-05,0.000151410759393676,0.000171669478093935,0.000103493113536839,0.000320573261475069,10,-12,15,4,-15,77.2759925925922,3.64793347888712,1.25294944297359,845.740874007175,50.8636943940957,855955311.875902,30.2654919008431,0.00789122839359581,-4.722146,49.4059160183881,293993500,0.000521424780985882,0.000807753718992642,42.85357,2.46500920854798e-09,1.2869452591544e-05,0.00513679021273106,"PseudoTwoSt_Null_Pin_1",180,5,2,0.01,0
2,1,4,10,20,2,2,11,2,2,1,2,2,8,6,50,13,41,1.6773375905499,2.13758037565295,0.960418670090073,1.167835794122,1.17230656694491,649173284.75274,32596538.923893,333130371.455761,1830634756.6885,1959711550.65209,6.5793749058982e-05,0.000151410759393676,0.000171669478093935,0.000103493113536839,0.000320573261475069,10,-12,15,4,-15,77.2759925925922,3.64793347062056,1.25294944297359,845.740874007175,50.8636943940957,855955309.936228,31.6227766016838,0.00780181732650874,-4.722146,49.4059160183881,293993500,0.000521424780985882,0.000807753718992642,42.85357,2.46500920941301e-09,1.2869452591544e-05,0.00513679021273106,"PseudoTwoSt_Null_Pin_1",180,5,2,0.01,0
2,1,4,10,20,2,2,11,2,2,1,2,2,1,6,50,13,42,1.6773375905499,2.13758037565295,0.960418670090073,1.167835794122,1.17230656694491,649173284.75274,32596538.923893,333130371.455761,1830634756.6885,1959711550.65209,6.5793749058982e-05,0.000151410759393676,0.000171669478093935,0.000103493113536839,0.000320573261475069,10,-12,15,4,-15,77.2759925925922,3.64793348396214,1.25294944297359,845.740874007175,50.8636943940957,855955313.066712,30.2654919008431,0.0078018691769194,-4.722146,49.4059160183881,293993500,0.000521424780985882,0.000807753718992642,42.85357,2.46500921726606e-09,1.2869452591544e-05,0.00513679021273106,"PseudoTwoSt_Null_Pin_1",180,5,2,0.01,0
2,1,4,10,20,2,2,6,3,2,1,2,2,20,6,50,11,19,1.6773375905499,2.13766496604958,0.95583902466361,1.1678759703425,1.17234499398263,649173284.75274,32597602.0034676,368172803.565889,1830696217.1931,1959782372.56505,6.5793749058982e-05,0.000151416142058617,0.000155839186043474,0.000103496725133805,0.00032058470803266,10,-15,15,14,-15,76.1952154874011,4.08448657406883,1.28836848756298,869.648729105009,50.0120050296852,957870719.006351,33.5857112474933,0.00805183325405446,-4.82917599999999,48.5665518188429,302140900,0.000521143002722971,0.000883460560322932,42.80492,2.41212388221404e-09,1.41237440848097e-05,0.00567286367463105,"PseudoTwoSt_Null_Pin_1",180,5,2,0.01,0
2,1,4,10,20,2,2,6,3,2,1,2,2,20,6,50,12,30,1.6773375905499,2.13766496604958,0.95583902466361,1.1678759703425,1.17234499398263,649173284.75274,32597602.0034676,368172803.565889,1830696217.1931,1959782372.56505,6.5793749058982e-05,0.000151416142058617,0.000155839186043474,0.000103496725133805,0.00032058470803266,10,-15,15,14,-15,76.1952154874011,4.08448655981557,1.28836848756298,869.648729105009,50.0120050296852,957870715.663758,33.5857112474933,0.00799476269742473,-4.82917599999999,48.5665518188429,302140900,0.000521143002722971,0.000883460560322932,42.80492,2.41212387359696e-09,1.41237440848097e-05,0.00567286367463105,"PseudoTwoSt_Null_Pin_1",180,5,2,0.01,0
2,1,4,10,20,2,2,6,3,2,1,2,2,20,6,50,13,44,1.6773375905499,2.13766496604958,0.95583902466361,1.1678759703425,1.17234499398263,649173284.75274,32597602.0034676,368172803.565889,1830696217.1931,1959782372.56505,6.5793749058982e-05,0.000151416142058617,0.000155839186043474,0.000103496725133805,0.00032058470803266,10,-15,7,15,-15,76.1952154874011,4.08448656057486,1.28836848756298,869.648729105009,50.0120050296852,957870715.841823,33.5857112474933,0.00799476477158943,-4.82917599999999,48.5665518188429,302140900,0.000521143002722971,0.000883460560322932,42.80492,2.41212387360311e-09,1.41237440848097e-05,0.00567286367463105,"PseudoTwoSt_Null_Pin_1",180,5,2,0.01,0
2,1,4,10,20,2,2,6,4,2,1,2,2,20,6,50,13,49,1.6773375905499,2.13986130052367,0.837802608908547,1.16891914935918,1.17338493639804,649173284.75274,32627116.5413071,326868385.364869,1832291554.76777,1961446372.7086,6.5793749058982e-05,0.000151558684429848,0.000184448045398585,0.000103590471730435,0.000320872451713476,10,-15,15,9,-15,77.3852858607726,3.51109530863765,1.25245181281113,845.40497364751,51.3954664554178,824328125.819113,33.9411254969543,0.00866404150633535,-5.099424,50.0046196868473,294048200,0.000521729010058917,0.00077589198171853,42.68208,2.43004323575108e-09,1.31342760174957e-05,0.00484040135655706,"PseudoTwoSt_Null_Pin_1",180,5,2,0.01,0
2,1,4,10,20,2,2,6,4,2,1,2,2,20,6,50,13,50,1.6773375905499,2.13986130052367,0.837802608908547,1.16891914935918,1.17338493639804,649173284.75274,32627116.5413071,326868385.364869,1832291554.76777,1961446372.7086,6.5793749058982e-05,0.000151558684429848,0.000184448045398585,0.000103590471730435,0.000320872451713476,10,-15,15,11,-15,77.3852858607726,3.51109543321812,1.25245181281113,845.40497364751,51.3954664554178,824328155.067872,33.9411254969543,0.00866409543632531,-5.099424,50.0046196868473,294048200,0.000521729010058917,0.00077589198171853,42.68208,2.43004322848311e-09,1.31342760174957e-05,0.00484040135655706,"PseudoTwoSt_Null_Pin_1",180,5,2,0.01,0
2,1,5,10,20,2,2,6,3,2,1,2,2,15,6,50,13,52,1.49762788186263,2.14176518800634,0.95715422520392,1.16982347332098,1.17428169018965,595482417.621542,32652470.3472754,368807803.370367,1833673778.0203,1962907537.66644,7.54560899531075e-05,0.000151681872354944,0.000156125073464391,0.000103671695039375,0.000321122787246525,10,-15,2,4,-15,76.1331105226901,4.10373501355689,1.27973962061011,863.824243911826,49.9374840178688,965927809.917545,32.7108544675922,0.00824345281990519,-5.173146,48.548326355064,301222200,0.000523061610257515,0.000891350140637636,42.64857,2.41131590485611e-09,1.5739184447906e-05,0.00566596070420289,"PseudoTwoSt_Null_Pin_1",180,5,2,0.01,0
2,1,5,9,20,2,2,8,2,2,1,2,2,6,6,50,13,62,1.49762788186263,2.03560002049709,1.06191735003354,1.16854815043477,1.17364988329847,595482417.621542,38640533.1985017,383950106.05935,1831724292.76476,1961910722.37031,7.54560899531075e-05,0.000161368160765468,0.000144596035941582,0.000103557137804955,0.000320949260099741,10,-12,15,4,-15,74.460475624378,4.30164883567135,1.28020402597064,864.137717530184,49.4436140081492,1011994819.51568,29.563490998189,0.00920037857420107,-6.08025,47.7479745144927,301177500,0.000522794273222104,0.000945732130167592,42.23625,2.37833933644811e-09,1.01822884629443e-05,0.00670446779923894,"PseudoTwoSt_Null_Pin_1",180,5,2,0.01,0
2,1,4,10,15,2,2,10,2,2,1,2,2,20,6,50,12,54,1.66174810137263,2.60130384695063,1.02987003197554,1.64747527953667,1.64671610642092,727306534.065504,44317269.6901284,374647054.552165,1664840863.65229,1931879949.68117,7.06419313581762e-05,0.000150930960366801,0.000172393635334381,9.00589130739567e-05,0.000309028733109755,15,-9,15,5,-15,75.6378014051386,3.9833985995888,1.31229486248713,885.799032178812,47.7749468825799,933799040.138466,30.5941170815567,0.0109181983997807,-6.750392,47.7425620573117,307631700,0.000520939325102864,0.000869396619868562,41.93164,2.32467899639801e-09,5.84402459874744e-05,0.0045721683101978,"PseudoTwoSt_Null_Pin_1",180,5,2,0.01,0
