RESISTOR_0,RESISTOR_2,MOSFET_0_1_L_LOAD_NMOS,MOSFET_0_1_M_LOAD_NMOS,MOSFET_0_1_W_LOAD_NMOS,MOSFET_10_1_L_gm1_PMOS,MOSFET_10_1_M_gm1_PMOS,MOSFET_10_1_W_gm1_PMOS,MOSFET_14_1_L_BIASCM_PMOS,MOSFET_14_1_M_BIASCM_PMOS,MOSFET_14_1_W_BIASCM_PMOS,MOSFET_2_1_L_gm2_PMOS,MOSFET_2_1_M_gm2_PMOS,MOSFET_2_1_W_gm2_PMOS,MOSFET_4_1_L_gm3_NMOS,MOSFET_4_1_M_gm3_NMOS,MOSFET_4_1_W_gm3_NMOS,MOSFET_6_1_L_BIASCM_PMOS,MOSFET_6_1_M_BIASCM_NMOS,MOSFET_6_1_M_BIASCM_PMOS,MOSFET_6_1_W_BIASCM_PMOS,CURRENT_0_BIAS,gen,index,VDS0,VDS10,VDS14,VDS2,VDS4,VDS6,ft0,ft10,ft14,ft2,ft4,ft6,gm0,gm10,gm14,gm2,gm4,gm6,gmid_offset0,gmid_offset10,gmid_offset14,gmid_offset2,gmid_offset4,gmid_offset6,CMRR,FOML,FOMS,FOM_AW,PSRR,SR,chip_area,d_settle,fitness,gain,gbw,ivdd_27,noise,pm,settlingTime,tc,vos,Topo,Tech_nodes,VDD,VCM,CL,RUN
80,72,3,15,10,10,1,10,10,1,4,5,1,2,9,8,2,10,9,14,2,9.05,3,18,1.19865108808073,1.19865108808073,0.473916180273998,1.86828284378823,0.473916180273998,0.496791333194911,23588891.2339047,23588891.2339047,9784318.89532941,138450677.800386,9784318.89532941,10234650.523002,2.85044026050138e-05,2.85044026050138e-05,4.69959833172185e-06,1.71307968848907e-05,4.69959833172185e-06,3.47627739818756e-05,-2,-8,5,0,-10,4,91.3039289747136,13.6305509620785,5.77401464336003,38.9745988426802,48.1782401703118,5042955.85041749,63.4350061086148,0.00714762273628775,-77.8512438,65.8117318788727,2136238,8.22165486021881e-05,0.000189033539516313,72.03267,2.03630612017084e-07,2.11938246970456e-05,0.00257038133302601,"HSOTA_COMP_Pin_2",180,5,2,1,0
80,72,3,15,10,10,1,10,10,6,3,5,1,2,9,20,2,10,9,14,2,9.05,5,47,1.20054426815774,1.20054426815774,0.21407777218447,1.86438730279837,0.21407777218447,0.496791333194911,23617158.0610595,23617158.0610595,4123083.3062411,138275985.470851,4123083.3062411,10234650.523002,2.85410765908202e-05,2.85410765908202e-05,8.54608627731031e-06,1.71063464942662e-05,8.54608627731031e-06,3.47627739818756e-05,-2,-8,5,0,-10,4,86.2888911094755,13.8059918229349,5.17496570369968,34.9310184999728,46.1762299066926,5108856.42859569,66.1815684310972,0.00793359025033491,-80.0417277,63.5814944891349,1914977,8.22325149208642e-05,0.00018794650039903,66.99933,2.22641689864031e-07,4.97724387167331e-05,0.00357730838305192,"HSOTA_COMP_Pin_2",180,5,2,1,0
74,39,2,5,5,6,16,5,8,15,5,6,7,2,9,5,2,2,12,2,7,0.5,5,50,0.325202606434049,0.325202606434049,0.17586855206401,0.682852300201535,0.17586855206401,0.143887243985844,18686327.8577601,18686327.8577601,3686827.39280377,24931626.4296601,3686827.39280377,41516793.6308966,9.71709520488204e-05,9.71709520488204e-05,2.03605213616587e-05,3.00365457358591e-05,2.03605213616587e-05,1.16142952232789e-05,1,-15,-4,-8,-15,2,63.9997982514075,7.74268048746672,8.00365236071068,54.0246534347971,52.4463363921217,1752763.02928361,46.9574275274956,0.00749026074121842,-81.0627741,61.748458119417,1811841,5.03059497323772e-05,0.000112552113374397,49.45313,4.0911328217674e-07,4.16292437006804e-05,0.00445862750415005,"HSOTA_COMP_Pin_2",180,5,2,1,0
74,39,2,2,4,3,16,5,5,15,5,6,7,2,8,5,2,4,11,3,7,0.78,4,30,0.236857157144743,0.236857157144743,0.156597267908289,0.667774407604363,0.156597267908289,0.187754821419119,51570000.4879533,51570000.4879533,8081975.25031621,17970793.2605381,8081975.25031621,17042363.1610851,0.000128902107278003,0.000128902107278003,2.70612039322099e-05,2.27060747291482e-05,2.70612039322099e-05,1.4165223427475e-05,1,-12,-4,-3,-13,2,68.4121946445104,10.5672370069898,10.831202914305,73.1106196715584,47.1932339018478,1976346.55014567,47.7912125813941,0.0102331165799189,-84.3704455,55.0452724018453,2025715,4.1561301403961e-05,0.000130342835192871,42.53408,3.73027716106359e-07,0.000225521915543296,0.00858217188021815,"HSOTA_COMP_Pin_2",180,5,2,1,0
59,7,2,9,7,2,12,8,7,16,5,8,8,2,7,14,2,6,17,13,2,7.7,4,31,0.273177027604396,0.273177027604396,0.205219539363354,1.19287868071434,0.205219539363354,0.427063477922007,171608675.602642,171608675.602642,6297736.59750112,19243336.9224295,6297736.59750112,26506374.2586841,0.000363204119586119,0.000363204119586119,3.50590326843533e-05,3.74333371787095e-05,3.50590326843533e-05,4.77662128765422e-05,-2,-11,2,7,-3,-1,104.895755145441,4.61645847731175,3.03149613067752,20.4625988820733,43.3186468757512,2862194.20369052,64.6838465151849,0.0177629120770705,-84.3952586893264,53.8567798181865,1879521,0.000137777293893489,0.000160545248750575,59.64184,3.27591766335206e-07,0.000213936587190484,0.0104213286968902,"HSOTA_COMP_Pin_2",180,5,2,1,0
59,7,2,4,7,2,12,8,7,16,5,8,8,2,7,14,2,6,17,13,2,7.7,5,53,0.273177027604396,0.273177027604396,0.205219539363354,1.19287868071434,0.205219539363354,0.427063477922007,171608675.602642,171608675.602642,6297736.59750112,19243336.9224295,6297736.59750112,26506374.2586841,0.000363204119586119,0.000363204119586119,3.50590326843533e-05,3.74333371787095e-05,3.50590326843533e-05,4.77662128765422e-05,-2,-11,2,7,-7,-1,104.895755145441,4.6164584773116,3.03149613067752,20.4625988820733,43.3186468757512,2862194.20369043,64.1404708432983,0.0177309389873211,-84.3952586893264,53.8567798181865,1879521,0.000137777293893489,0.000160545248750575,59.64184,3.27591681313156e-07,0.000213936587190484,0.0104213286968902,"HSOTA_COMP_Pin_2",180,5,2,1,0
59,7,2,7,5,2,17,8,7,16,6,8,8,2,7,14,2,6,19,13,2,7.7,2,9,0.253806003676386,0.253806003676386,0.228680574567562,1.29222713611506,0.228680574567562,0.427063477922007,152754674.405261,152754674.405261,7421112.49184877,18453163.222985,7421112.49184877,26506374.2586841,0.000452555919382938,0.000452555919382938,5.14465741378068e-05,3.6522496641849e-05,5.14465741378068e-05,4.77662128765422e-05,-2,-5,-3,-4,-3,-1,106.711372823291,4.88681134462688,3.22734208521998,21.7845590752348,42.7047486643374,3408827.85163035,68.0587981086942,0.0150282360212207,-86.394574975277,53.0945016381801,2251254,0.000155012593476767,0.000157975742279489,56.62303,2.61765817041824e-07,0.000181920441943471,0.0110839907348179,"HSOTA_COMP_Pin_2",180,5,2,1,0
66,20,2,8,2,6,1,8,6,1,2,2,2,4,10,5,2,2,5,3,9,7.52,2,12,1.45663021220911,1.45663021220911,1.39640085474347,1.04661248425197,1.39640085474347,0.262616489092735,100655052.585798,100655052.585798,93916883.5281105,198658413.643779,93916883.5281105,138283747.627779,5.69179835112512e-05,5.69179835112512e-05,1.35905237575892e-05,5.16158751789744e-05,1.35905237575892e-05,8.85977677529202e-05,2,-3,-1,5,-8,-2,56.4570070623431,4.0053221585314,1.37125912057363,9.25599906387203,43.819356378629,3501929.54753389,30.1330383466387,0.0159959172959206,-122.961697901387,43.4201869831667,1198918,0.000194293126824031,0.000248808331904078,66.86551,1.96713672637855e-07,0.000147610433452081,0.0156722408487959,"HSOTA_COMP_Pin_2",180,5,2,1,0
66,20,2,8,2,6,1,9,6,2,2,2,2,4,10,5,2,2,5,3,9,7.52,3,28,1.38015785801645,1.38015785801645,1.00587890181209,1.04185403339818,1.00587890181209,0.262616489092735,96130669.8073046,96130669.8073046,69702353.2832091,200488571.187694,69702353.2832091,138283747.627779,6.10881908164788e-05,6.10881908164788e-05,2.00097477639547e-05,5.20534396726125e-05,2.00097477639547e-05,8.85977677529202e-05,2,-3,-1,5,-8,-2,54.3500954622057,4.98681503078419,1.48046942339622,9.99316860792448,41.1324644904984,4366401.25516457,30.4302481094059,0.0192593388511857,-135.070589232964,43.9623601493264,1296283,0.000194575372065482,0.000244848253372358,63.55276,1.62760792444833e-07,0.000191558943355619,0.0197619743776469,"HSOTA_COMP_Pin_2",180,5,2,1,0
63,51,2,17,5,4,17,4,10,9,10,7,3,2,9,11,2,2,16,13,2,7.28,10,26,0.360976809505995,0.360976809505995,0.135276937364922,1.70719562372839,0.135276937364922,0.176262421354581,54207500.6629675,54207500.6629675,2648337.29693615,64902199.1500557,2648337.29693615,92105166.9010084,0.00017326095398171,0.00017326095398171,2.4748517193264e-05,3.34204609131301e-05,2.4748517193264e-05,6.06786687221583e-05,-4,-3,1,-15,15,-6,74.0310607379392,8.82858230879581,13.8682392248638,93.6106147678308,59.7076573752645,5357941.58328751,54.6260011349907,0.664095171284513,-15.6772638,75.2630171046203,8416438,0.000134863519818892,0.000105125287187336,47.32317,0.664095171284513,1.72598297478799e-05,0.00087734597978395,"HSOTA_COMP_Pin_2",180,5,2,1,0
63,51,2,20,5,4,17,7,9,9,10,7,3,2,10,11,2,2,16,13,2,7.28,10,50,0.272913623161969,0.272913623161969,0.117013946315019,1.70503578930864,0.117013946315019,0.176262421354581,40634031.4904589,40634031.4904589,2847338.62953232,64849853.2498199,2847338.62953232,92105166.9010084,0.000222597118793522,0.000222597118793522,2.33861704466177e-05,3.33901047134629e-05,2.33861704466177e-05,6.06786687221583e-05,-4,-3,1,-15,15,-6,73.6849161308924,9.68707173967219,12.6598485783796,85.4539779040625,61.7898811042954,5862535.96287125,56.1248608016091,0.0219090457936375,-25.8073816,76.5082496999338,7661636,0.000134487057032059,9.55252974966453e-05,43.79201,1.6647115414685e-07,1.71889538473269e-05,0.000731656906507006,"HSOTA_COMP_Pin_2",180,5,2,1,0
80,72,3,15,10,10,1,10,7,1,2,2,1,2,7,8,2,8,11,14,2,9.05,5,10,1.33458337541674,1.33458337541674,0.692659118609424,1.17237030995503,0.692659118609424,0.440217648967579,25523975.5501209,25523975.5501209,29199388.0173952,677993492.093897,29199388.0173952,14250437.9111131,3.1061814616016e-05,3.1061814616016e-05,5.04491151263607e-06,3.40308629947591e-05,5.04491151263607e-06,3.88035360481188e-05,-2,-8,9,0,-10,4,88.89179851167,22.9742747786928,14.7989633382113,99.8930025329265,55.6166431251934,10315332.1072532,62.4819974072532,0.00582415065808822,-33.2178759,69.9956655288547,6644659,9.97766434812558e-05,0.000194996999053335,66.21779,9.7760800617068e-08,8.91153424634972e-06,0.00123537676240115,"HSOTA_COMP_Pin_2",180,5,2,1,0
80,72,3,15,10,10,1,10,7,1,2,2,1,2,7,8,2,10,11,14,2,9.05,6,17,1.33033901172889,1.33033901172889,0.690436931955914,1.16820637317038,0.690436931955914,0.496791333194911,25467067.1417377,25467067.1417377,29113207.0056183,676016285.563269,29113207.0056183,10234650.523002,3.09845339163427e-05,3.09845339163427e-05,5.02964747335318e-06,3.39334713283083e-05,5.02964747335318e-06,3.47627739818756e-05,-2,-8,9,0,-10,4,88.911694859461,23.0257358977265,14.7987713103872,99.8917063451137,55.558943598599,10295385.8630097,67.2309452558864,0.00609256718264375,-33.4926603,69.9613842407272,6616903,9.93611468174255e-05,0.000194483145628073,66.26383,9.8542341142073e-08,8.98298438210876e-06,0.00124013326189187,"HSOTA_COMP_Pin_2",180,5,2,1,0
74,47,2,2,6,3,16,2,7,18,5,2,1,4,8,5,2,4,12,2,7,0.78,2,1,0.316879029008852,0.316879029008852,0.0606085974348254,0.692236071303242,0.0606085974348254,0.111857010507186,90647944.9763092,90647944.9763092,2348478.16584008,444146903.657522,2348478.16584008,14386282.6960333,0.000101016604225726,0.000101016604225726,1.41364267638039e-05,4.48148597659523e-05,1.41364267638039e-05,8.70521429050433e-06,-1,-12,-4,-2,-8,4,92.8829655627155,23.0754887517815,22.1557061230128,149.551016330336,60.939030201244,6751509.30203132,45.9891291502677,0.00794719815880031,-34.8242796,71.3103450289328,6482396,6.50185751899004e-05,0.000108293644058596,62.07214,1.37839207011586e-07,4.52194982344989e-05,0.00119534030989321,"HSOTA_COMP_Pin_2",180,5,2,1,0
63,26,2,20,5,4,17,4,10,9,10,10,3,2,9,11,2,2,16,13,2,10,8,53,0.417433284313334,0.417433284313334,0.159345416201256,2.46856452506509,0.159345416201256,0.210544469108553,64094111.8041374,64094111.8041374,3106500.593027,40299532.4199294,3106500.593027,112719451.029836,0.000203919586425946,0.000203919586425946,2.99461498897231e-05,3.00099479769168e-05,2.99461498897231e-05,7.52896195222168e-05,-4,5,1,-15,15,-6,99.3837162915323,10.1668333923767,7.18864799734125,48.5233739820534,53.6748463600752,8349824.24425098,53.9166022668343,0.0111708003680638,-40.5514098,69.5881659418706,5903898,0.000182506826571363,0.000122265629311854,55.8071,9.05042746509661e-08,2.83216616592852e-05,0.00168623350073016,"HSOTA_COMP_Pin_2",180,5,2,1,0
74,39,2,5,5,7,9,5,8,3,5,6,5,2,9,5,2,3,12,2,7,0.78,7,57,0.48210148404491,0.48210148404491,0.320512628317436,0.850084646707323,0.320512628317436,0.19125731423089,23741787.4467002,23741787.4467002,9508323.5121987,49361924.9358324,9508323.5121987,32039624.344451,8.37064029427367e-05,8.37064029427367e-05,1.26500009901384e-05,3.77466952870342e-05,1.26500009901384e-05,1.38888197873171e-05,1,-15,-4,-3,-15,5,78.5598575003812,14.982182111823,15.9101475333704,107.39349585025,55.4276304427631,4542690.15267514,41.2795348811006,0.00526003853680965,-51.2418555,70.5317991679624,4824055,6.73791503173526e-05,0.000129229859395892,45.74231,1.71980392093901e-07,1.44592504042595e-05,0.00168251577825096,"HSOTA_COMP_Pin_2",180,5,2,1,0
74,39,2,5,5,6,16,5,8,15,5,6,7,2,9,5,2,4,12,2,7,0.78,3,14,0.36295409033661,0.36295409033661,0.189289251320731,0.728734260007559,0.189289251320731,0.211619399433052,22030580.3187577,22030580.3187577,4186221.60626962,39492006.2558043,4186221.60626962,20899436.793326,0.000116104974962758,0.000116104974962758,2.3962997468099e-05,4.29577517467704e-05,2.3962997468099e-05,1.21492878563524e-05,1,-15,-4,-3,-15,2,78.9498147961373,15.7887248552794,12.4187397219659,83.8264931232696,58.8879233860938,4631507.63548337,50.4083326445142,0.00818013569156618,-65.8942207,69.5816833216655,3642947,6.51872730971149e-05,0.000111318451489445,43.65482,1.75250142743526e-07,5.00433781579845e-05,0.00180867636203086,"HSOTA_COMP_Pin_2",180,5,2,1,0
80,50,3,5,8,2,9,2,10,20,2,2,1,4,10,5,2,2,14,1,5,0.5,20,0,0.439987334232589,0.439987334232589,0.184213571462663,0.932381739893895,0.184213571462663,0.0916768690634919,293682029.418562,293682029.418562,3502999.10352575,581317480.329862,3502999.10352575,48139481.2682413,0.000130177811256301,0.000130177811256301,1.6089368213956e-05,5.79390109537514e-05,1.6089368213956e-05,5.76783429015461e-06,-1,7,11,-15,9,4,84.6603577292481,21.128395834788,23.1569040887762,156.30910259924,64.3081533507466,10099044.6035538,38.1313519298752,0.00813737920407254,491.600000000002,81.164723378925,11068640,0.000106218766046967,0.00011211625644257,53.82191,9.3569358898518e-08,7.2879986594554e-06,0.000549337782222103,"HSOTA_COMP_Pin_2",180,5,2,1,0
74,35,2,2,7,2,16,2,7,20,2,2,1,5,9,2,2,2,12,1,8,0.78,23,0,0.379679763118555,0.379679763118555,0.14697456252914,0.964589387010282,0.14697456252914,0.0899961869431278,257376538.306111,257376538.306111,5655197.18876766,595990813.121921,5655197.18876766,48255091.3558636,0.000200536633524915,0.000200536633524915,1.79005945852896e-05,7.44911803709856e-05,1.79005945852896e-05,9.21574230646598e-06,-3,-15,-15,-13,-15,4,87.0786336504479,17.9911073386673,23.0059876221444,155.290416449475,65.7880916312133,11434032.8751971,33.9852909359329,0.00710146104889222,484.500000000002,79.7597658385804,14621180,0.000141230672835086,0.000105954803057349,46.07103,7.67496896891297e-08,8.79928510328476e-06,0.000546377044179813,"HSOTA_COMP_Pin_2",180,5,2,1,0
74,35,2,1,9,2,16,2,7,20,2,2,1,6,9,2,2,2,12,1,8,0.78,24,0,0.379656362448077,0.379656362448077,0.125427974737194,0.873462809369953,0.125427974737194,0.0899961869431278,257364361.584822,257364361.584822,4787881.96757057,556498861.481462,4787881.96757057,48255091.3558636,0.000200525221746577,0.000200525221746577,1.48596325903001e-05,8.30903613806367e-05,1.48596325903001e-05,9.21574230646598e-06,-3,-15,-15,-13,-15,4,87.4443287666681,15.4656490028919,22.3423887393094,150.811123990338,67.4930923600761,9786653.27894992,33.8673884437522,0.00686713157175118,481.000000000002,80.857650411619,14138250,0.000140622087011026,0.000103049701781797,46.31473,8.44670923760181e-08,8.9982042721104e-06,0.000474695364828026,"HSOTA_COMP_Pin_2",180,5,2,1,0
80,47,2,1,9,2,19,2,8,20,3,2,1,4,8,5,2,4,14,1,9,0.5,19,0,0.27184768399026,0.27184768399026,0.0869990396592373,0.852616095512456,0.0869990396592373,0.113457773350987,188616128.815057,188616128.815057,2529330.64599712,539807159.182916,2529330.64599712,14710808.6256477,0.000169640932471154,0.000169640932471154,1.25244934446871e-05,5.38319617876117e-05,1.25244934446871e-05,5.7054034869881e-06,-1,-15,-8,-2,-8,4,88.0558185102081,17.6683505774217,28.3130959667218,191.113397775372,66.9219790347643,7538974.08265513,42.4381903478459,0.00902051465626475,472.900000000002,79.780573365372,12081020,9.48208247613253e-05,9.60485592547958e-05,48.2498,1.15327713582122e-07,1.47909731805496e-05,0.00049957722202798,"HSOTA_COMP_Pin_2",180,5,2,1,0
80,47,2,1,8,2,19,2,8,20,3,2,1,5,8,5,2,4,11,1,10,0.5,21,1,0.23855153919325,0.23855153919325,0.0805793449293883,0.67191761862043,0.0805793449293883,0.107019544462008,168581534.599172,168581534.599172,2333275.82520677,442532591.64429,2333275.82520677,13875578.1404211,0.000149076717434619,0.000149076717434619,1.14438413106658e-05,5.52415859960431e-05,1.14438413106658e-05,5.91342392840705e-06,0,-15,-11,-2,-8,4,94.5228512871982,21.9197696086055,31.2372215876955,210.851245716944,66.7488473512453,7434620.57223776,41.6773319683494,0.00825509785332202,448.400000000002,79.1128796400225,10594860,7.53720469896321e-05,9.69048470158068e-05,55.37533,1.29449890026955e-07,1.66719234408141e-05,0.000540197372249196,"HSOTA_COMP_Pin_2",180,5,2,1,0
80,50,3,5,8,2,11,2,10,20,4,2,1,4,10,5,2,4,14,1,5,0.5,19,6,0.353937679694112,0.353937679694112,0.110396080010502,0.833124296268646,0.110396080010502,0.15597691451947,243558179.761295,243558179.761295,2101680.85028272,526703046.099226,2101680.85028272,19872910.0679627,0.000129143215037542,0.000129143215037542,1.74057803141542e-05,5.26833887455824e-05,1.74057803141542e-05,4.54474054425944e-06,-1,7,11,-15,9,4,86.322154429718,19.2143615879871,25.9983591345263,175.488924158052,63.528220349595,8168873.20661941,44.7437146423942,0.009747224637403,428.500000000002,79.0397112411319,11053050,9.44764752507558e-05,0.000103577740940726,57.08836,1.19657255988324e-07,1.52809352107197e-05,0.000607795024996083,"HSOTA_COMP_Pin_2",180,5,2,1,0
80,50,3,5,8,2,13,2,10,20,2,2,1,4,10,5,2,2,14,1,5,0.5,23,5,0.364598619646498,0.364598619646498,0.184197092517929,0.93225511664792,0.184197092517929,0.0916768690634919,245604034.093864,245604034.093864,3502663.32945255,581384376.043121,3502663.32945255,48139481.2682413,0.000155826541035802,0.000155826541035802,1.60876762716938e-05,5.7939077335131e-05,1.60876762716938e-05,5.76783429015461e-06,-1,7,11,-15,9,4,86.0560410631213,19.9534149790799,26.3407793420771,177.80026055902,65.8566389059132,9548934.02609757,38.3405790253616,0.00922887092451017,411.600000000002,82.6924020855226,12605680,0.000106346975761171,0.000108035870470899,50.29061,9.04861586525631e-08,7.19589964814027e-06,0.000460836822180788,"HSOTA_COMP_Pin_2",180,5,2,1,0
80,47,2,1,10,2,19,2,8,20,2,2,1,6,8,5,2,4,14,1,10,0.5,24,4,0.273229006593875,0.273229006593875,0.107265175054381,0.690309097255571,0.107265175054381,0.107019544462008,189423928.380877,189423928.380877,3105687.01851174,461555629.676703,3105687.01851174,13875578.1404211,0.000170486651938192,0.000170486651938192,1.07513996703794e-05,6.8548000300777e-05,1.07513996703794e-05,5.91342392840705e-06,-4,-15,-15,-2,-15,4,91.9609664792644,17.1773866343687,32.9542401926651,222.441121300489,69.1331442450468,7339111.87197942,41.2674205639267,0.00803607477171485,392.500000000002,82.8402766597741,14079840,9.49453944330281e-05,0.00010126337665658,46.8652,1.11555370128449e-07,8.56791115396049e-06,0.000366437200738812,"HSOTA_COMP_Pin_2",180,5,2,1,0
80,57,2,1,8,2,19,2,10,20,2,2,1,5,10,5,2,3,11,1,10,0.5,24,7,0.252224524200755,0.252224524200755,0.113475791893202,0.703879582159576,0.113475791893202,0.0851468768614518,174759004.594833,174759004.594833,2101517.95094537,468487910.410873,2101517.95094537,19491163.5214299,0.000156499791725431,0.000156499791725431,9.10276155013778e-06,5.79392636605533e-05,9.10276155013778e-06,6.32031776120211e-06,-7,-7,-5,-2,5,4,91.8759433484888,15.8049751404245,29.7998811726953,201.149197915693,68.9637566873478,5505934.31814173,40.2119385257662,0.00845298329595012,386.400000000001,84.2374085400968,10381300,7.74149246497448e-05,9.06557922893937e-05,52.78797,1.52456843138111e-07,7.77021394628541e-06,0.000368628928060222,"HSOTA_COMP_Pin_2",180,5,2,1,0
60,5,2,20,7,2,20,7,10,1,7,2,1,2,10,4,2,2,12,1,2,9.4,28,8,0.538428117810927,0.538428117810927,0.898242682296551,3.51703766866902,0.898242682296551,0.765056529792965,356525866.520245,356525866.520245,17919122.939872,1326570634.3792,17919122.939872,423946110.342127,0.0012661998094872,0.0012661998094872,1.532758920643e-05,6.87944621694834e-05,1.532758920643e-05,2.26735352988095e-05,-15,-4,-3,15,15,-4,74.7363716194571,2.61633768088787,2.60900141123481,17.6107595258349,67.4894502662005,13203894.0155451,32.9696830436691,0.00776193992519898,381.800000000001,78.5685828013033,13166870,0.0011214908119679,9.25660118652227e-05,49.14794,6.31796309610009e-08,2.68411238218969e-06,0.000381618716560173,"HSOTA_COMP_Pin_2",180,5,2,1,0
60,5,2,20,7,2,20,7,10,1,7,2,1,2,10,1,2,2,12,1,6,9.4,27,18,0.547146105161626,0.547146105161626,0.904600269364126,3.5443365727583,0.904600269364126,0.422274075857398,357184867.077343,357184867.077343,18028445.5080621,1335671119.61398,18028445.5080621,258021092.009259,0.00127829095950334,0.00127829095950334,1.54242311018708e-05,6.91760001799217e-05,1.54242311018708e-05,4.07257056088026e-05,-6,-10,-3,15,15,-4,70.2583076834024,2.74601994244147,2.56579614576487,17.3191239839129,67.5727140636813,14169379.3041848,33.5111921602321,0.00847932840005205,356.400000000001,78.51789085031,13239430,0.00114665990141571,9.45383441713604e-05,48.98497,7.57984070648421e-08,2.7166999557604e-06,0.000376874100329161,"HSOTA_COMP_Pin_2",180,5,2,1,0
80,47,2,1,7,2,19,2,8,20,3,2,1,5,8,6,2,4,11,1,10,0.5,25,29,0.238489356023418,0.238489356023418,0.0886888567405473,0.672618002535306,0.0886888567405473,0.107019544462008,168543439.690949,168543439.690949,2580895.70168934,441902803.123789,2580895.70168934,13875578.1404211,0.000149038140828189,0.000149038140828189,1.28114002181573e-05,5.52389669102717e-05,1.28114002181573e-05,5.91342392840705e-06,0,-13,-11,5,2,4,94.6033457943382,23.5624032704698,33.1326865245137,223.645634040467,66.2364284163145,8022472.23005334,41.8449519058154,0.00828526087309712,331.400000000001,79.0933871170244,11280940,7.56617050567514e-05,9.96405823927161e-05,53.68351,1.20930758637471e-07,1.54147543639982e-05,0.000550790111114807,"HSOTA_COMP_Pin_2",180,5,2,1,0
80,49,3,2,7,2,16,2,10,20,8,2,1,4,10,1,2,2,14,1,2,0.5,21,35,0.302855747460629,0.302855747460629,0.0833391652258504,0.86499335449874,0.0833391652258504,0.165144620255153,208434935.36962,208434935.36962,1605921.9583118,543115766.53729,1605921.9583118,85547530.1680964,0.000159527140039104,0.000159527140039104,2.45245551999733e-05,5.43307084552341e-05,2.45245551999733e-05,4.31081028129533e-06,-8,0,-8,1,15,12,87.4719196366272,16.9761085921247,27.8928476850396,188.276721874018,65.6057194644959,7870230.94651908,49.3457191659013,0.0108078444353161,324.200000000001,78.9277285611234,12931300,0.000103023622925511,0.000102924033684299,53.13371,1.17469710173526e-07,1.91832191014507e-05,0.000566299878261844,"HSOTA_COMP_Pin_2",180,5,2,1,0
80,41,3,5,8,2,13,2,10,19,2,2,1,4,10,5,2,4,14,1,5,0.5,25,32,0.322946076182336,0.322946076182336,0.16846454030155,0.839386917920569,0.16846454030155,0.15597691451947,225375130.892062,225375130.892062,3184479.01212034,519220516.910433,3184479.01212034,19872910.0679627,0.000139734765950257,0.000139734765950257,1.37610247681721e-05,5.25685063621411e-05,1.37610247681721e-05,4.54474054425944e-06,-4,7,11,-15,8,4,93.9500480000335,21.7404648233058,24.2718589342547,163.835047806219,62.6666106352085,9259618.0230715,39.3064880140671,0.0091469637831536,320.500000000001,79.6732382629767,10337780,9.4648063449409e-05,9.96266272403162e-05,56.88813,1.08093566927402e-07,1.0182817632769e-05,0.000610106439098868,"HSOTA_COMP_Pin_2",180,5,2,1,0
80,47,2,3,9,4,11,2,10,16,2,2,1,4,7,10,2,7,17,1,6,0.78,20,29,0.730561118518108,0.730561118518108,0.226274299665365,1.11618564460198,0.226274299665365,0.262855248588842,98565064.7007354,98565064.7007354,4377392.40522636,677145147.370595,4377392.40522636,10741358.7055302,0.000108782577897188,0.000108782577897188,1.63933783432485e-05,6.71988876346666e-05,1.63933783432485e-05,5.28344729250267e-06,0,-12,-1,-15,10,14,57.2161503091312,15.4759928334009,19.2155002265177,129.704626528995,62.4959146501103,11799277.5860074,44.2605919526615,0.0123837714553585,317.6,79.4397961180969,14650370,0.000169427688033067,0.000135882063676961,46.53368,1.08669152462573e-07,7.98412963707085e-06,0.000518308282571045,"HSOTA_COMP_Pin_2",180,5,2,1,0
74,35,2,2,10,2,14,5,7,20,2,2,1,4,9,1,2,4,7,1,8,1.32,29,38,0.206024255543404,0.206024255543404,0.0973643892016174,0.945761523253679,0.0973643892016174,0.21135975952213,159083286.446533,159083286.446533,3674475.25437101,578554403.355443,3674475.25437101,27540673.2382211,0.00025546564222497,0.00025546564222497,1.10482707600788e-05,5.81693806972578e-05,1.10482707600788e-05,1.03991888098813e-05,-2,-15,-15,-13,-15,4,90.263798901516,14.3791852364391,22.9763053674474,155.09006123027,67.252567332185,7905955.98089293,35.4259791678367,0.00811765292235194,313.800000000001,80.3328125280639,12632820,0.000122182104060589,8.22410867383966e-05,46.46093,1.06304130913692e-07,1.36038648429349e-05,0.000444773443999846,"HSOTA_COMP_Pin_2",180,5,2,1,0
80,47,2,1,8,2,19,2,8,20,3,2,1,6,8,5,2,4,11,1,10,0.5,27,34,0.238438423003825,0.238438423003825,0.0806412446452018,0.609679825318596,0.0806412446452018,0.107019544462008,168512234.897126,168512234.897126,2335167.23898195,410109508.494851,2335167.23898195,13875578.1404211,0.000149006542918672,0.000149006542918672,1.1454187442107e-05,6.12325232386103e-05,1.1454187442107e-05,5.91342392840705e-06,0,-15,-11,-2,-8,4,95.23230256887,21.8002163319844,34.0094032814711,229.56347214993,67.6482939913695,7397883.53880018,41.7013189239861,0.00791224463898494,312.300000000001,79.9942306537175,11541060,7.54109085294443e-05,9.96490987567775e-05,52.27271,1.2764937670046e-07,1.49999619931762e-05,0.000488558169426945,"HSOTA_COMP_Pin_2",180,5,2,1,0
80,54,3,6,8,2,11,2,10,20,4,2,1,4,10,5,2,2,16,1,2,0.5,23,37,0.396229435785351,0.396229435785351,0.125098334338158,0.9230991895583,0.125098334338158,0.165144620255153,263331859.634198,263331859.634198,2388508.6843356,580190677.236554,2388508.6843356,85547530.1680964,0.00014283044246547,0.00014283044246547,2.01867886348548e-05,5.76501728428224e-05,2.01867886348548e-05,4.31081028129533e-06,-1,-15,4,-14,9,0,78.8157013237075,17.3589071077295,26.9107768478553,181.647743723024,65.3961481764616,9071163.67652893,42.7784992724149,0.0109043826839802,303.6,80.953906514188,14062640,0.000116125637278292,0.000109819656491547,49.78174,1.01010240155322e-07,1.1001311011245e-05,0.000488542881035947,"HSOTA_COMP_Pin_2",180,5,2,1,0
80,56,2,1,8,3,20,2,8,20,4,2,1,5,7,4,2,5,12,1,10,0.5,24,37,0.313217487214781,0.313217487214781,0.0781992593792182,0.682173901865211,0.0781992593792182,0.125523388380913,88592663.6897954,88592663.6897954,2315158.18092541,455184942.766333,2315158.18092541,10352955.1032575,0.000123943530679094,0.000123943530679094,1.47161743770938e-05,5.63437225686262e-05,1.47161743770938e-05,5.52443228418317e-06,1,-15,-11,-2,-11,5,91.1745831288317,20.1031396442052,34.5590657071852,233.2736935235,66.4545056373986,7305600.49963653,46.0651712251241,0.00949006979664243,292.1,78.6721952779025,12558970,8.07568771062573e-05,0.000114211025423193,51.39389,1.08908174021309e-07,1.70933346257307e-05,0.0005304150321912,"HSOTA_COMP_Pin_2",180,5,2,1,0
78,42,4,1,9,2,20,2,10,20,5,3,1,4,10,5,2,7,14,1,8,0.78,21,49,0.31602804641288,0.31602804641288,0.139950818446871,1.33735768135004,0.139950818446871,0.227379866360679,214181876.081691,214181876.081691,2698700.06912099,313582499.073317,2698700.06912099,9214105.16567644,0.000207053559044406,0.000207053559044406,2.87551893740726e-05,4.66934914961715e-05,2.87551893740726e-05,5.93586736308011e-06,-1,15,7,-1,9,4,80.9411885649644,15.811305813,24.0503039475738,162.339551646123,63.0091672419903,10132756.0064769,51.1077293567226,0.0131376407316824,275.7,79.2490252272631,15412760,0.000142412244986338,0.000105489396805822,45.29643,8.06519574968031e-08,1.19091393682802e-05,0.000568023663932049,"HSOTA_COMP_Pin_2",180,5,2,1,0
80,56,2,1,10,3,20,2,9,20,4,2,1,5,7,4,2,5,11,1,10,0.5,25,52,0.298696319426327,0.298696319426327,0.0703770343817345,0.652309150615301,0.0703770343817345,0.125523388380913,84838261.2629138,84838261.2629138,1622410.83424175,437674912.974737,1622410.83424175,10352955.1032575,0.000118067622498343,0.000118067622498343,1.13769878739403e-05,5.41811285338421e-05,1.13769878739403e-05,5.52443228418317e-06,1,-15,-11,-2,-11,5,93.8325112978068,19.284353333381,30.5863230773606,206.457680772184,66.8922748431118,6396037.82896304,46.4327470649756,0.00928244089475697,270.9,78.9755825016824,10144560,7.37044024861978e-05,0.000105064004014491,58.20803,1.48728808907264e-07,1.85698214145003e-05,0.000516074908400999,"HSOTA_COMP_Pin_2",180,5,2,1,0
80,59,2,1,10,2,12,2,8,20,7,2,1,7,6,1,2,4,7,1,10,0.78,18,58,0.29784545481092,0.29784545481092,0.0485076871445909,0.538829641176932,0.0485076871445909,0.139558975295503,206924915.179698,206924915.179698,1399151.77210331,377097595.420387,1399151.77210331,18203926.1110973,0.000118135156000491,0.000118135156000491,1.42126423733282e-05,6.47815216334027e-05,1.42126423733282e-05,8.09410329439659e-06,5,-10,-15,-15,11,15,86.6273995552618,21.9732209764314,41.1694570901283,277.893835358366,69.3420345816086,7363506.5176543,46.7867502611583,0.667549187071812,269.5,78.5371650164503,13796410,7.44695000999669e-05,0.000120793036711507,50.75595,0.667549187071812,2.28699146499189e-05,0.000468906053790796,"HSOTA_COMP_Pin_2",180,5,2,1,0
80,52,3,7,9,2,9,2,10,20,4,2,1,4,10,5,2,4,14,1,5,0.5,24,46,0.392991305285658,0.392991305285658,0.102228762198053,0.831674489235577,0.102228762198053,0.15597691451947,268532228.44947,268532228.44947,1941133.24023536,528637145.439896,1941133.24023536,19872910.0679627,0.000117314086855132,0.000117314086855132,1.58798651146672e-05,5.27284124586517e-05,1.58798651146672e-05,4.54474054425944e-06,-1,15,15,-15,15,4,84.1983097668853,17.8882936342346,23.638876949071,159.562419406229,63.4081615984857,7572132.3934086,45.5302097513288,0.0100876604812894,261,78.6304795212535,10006360,9.40668865253747e-05,0.00010405951425441,59.24103,1.25222646406355e-07,1.72571780354058e-05,0.000631300756220199,"HSOTA_COMP_Pin_2",180,5,2,1,0
72,39,2,1,5,2,16,2,10,20,5,2,1,4,7,1,2,4,12,1,10,0.78,23,61,0.340278907053177,0.340278907053177,0.147618081475669,0.97818341772309,0.147618081475669,0.139558975295503,233605553.349247,233605553.349247,2846481.52859609,594012502.082451,2846481.52859609,18203926.1110973,0.000180077455040529,0.000180077455040529,3.06040431348459e-05,5.97396492136662e-05,3.06040431348459e-05,8.09410329439659e-06,-5,15,-5,10,5,8,87.4691894414749,21.0705514682103,31.9917512171411,215.944320715702,63.0792855297472,12201993.8113176,46.1627555503352,0.0117768752783481,256,78.606497783539,18526480,0.000128689283922341,0.000112282045623137,51.82053,7.6867468140542e-08,1.02281051192055e-05,0.000600340434985913,"HSOTA_COMP_Pin_2",180,5,2,1,0
80,47,2,17,9,2,20,2,6,18,2,2,1,3,7,11,2,7,12,1,5,0.78,19,2,0.289013119070789,0.289013119070789,0.118184496151955,1.08652578650443,0.118184496151955,0.287659311903854,197485545.562746,197485545.562746,6141107.79478234,648769112.948908,6141107.79478234,11852638.9654667,0.00018911599459651,0.00018911599459651,1.46816816566116e-05,4.86255863235733e-05,1.46816816566116e-05,4.90319962661191e-06,2,-8,2,-11,13,4,82.5387056577125,19.2093898088722,32.3629890639195,218.450176181457,65.4844617038827,10385888.9718054,42.6262829718942,0.00931799027452047,462.800000000002,78.2718800273889,17497610,0.000120148289457996,0.000106157804380231,45.35454,8.4026384326928e-08,1.25805535464285e-05,0.000526353789846112,"HSOTA_COMP_Pin_2",180,5,2,1,0
74,47,2,2,7,2,5,5,7,20,3,2,1,4,8,5,2,4,12,1,10,0.78,20,5,0.375652257199163,0.375652257199163,0.108001952578899,0.969710003033525,0.108001952578899,0.139558975295503,267333760.862244,267333760.862244,4157414.77283417,601907778.287462,4157414.77283417,18203926.1110973,0.000162975135816765,0.000162975135816765,1.86578852226166e-05,5.98974549482265e-05,1.86578852226166e-05,8.09410329439659e-06,-1,-15,3,1,-1,4,77.9094383888191,19.4347468613394,28.8455624702892,194.707546674452,64.8254249194888,11019424.7161447,40.8778668719394,0.00964255273469981,434.400000000002,78.0800643208192,16355320,0.000125999122371044,0.000110759469409547,47.66262,8.60060738411901e-08,1.53960191780089e-05,0.000586972461447122,"HSOTA_COMP_Pin_2",180,5,2,1,0
47,5,2,20,10,6,19,10,8,1,2,2,1,10,10,16,2,6,8,1,10,9.9,63,41,0.758459977106672,0.758459977106672,1.61857530267658,1.8157106465031,1.61857530267658,0.671526675534955,46327453.9549,46327453.9549,45351105.3246168,839039228.659976,45351105.3246168,39206068.4700842,0.000632812857810418,0.000632812857810418,9.0864417965518e-06,0.000225025462672458,9.0864417965518e-06,2.89644874478245e-05,15,-15,-11,-15,-4,-8,110.821051795382,2.45337958549537,3.8868884883727,26.2364972965157,74.2983549870441,10987132.1928339,51.3419906119737,0.00393775819195828,304.500000000001,78.321632235588,17406910,0.000995192487202456,9.32918673030832e-05,48.39048,3.31357618214942e-08,4.2036449859717e-06,0.000240620573459083,"HSOTA_COMP_Pin_2",180,5,2,1,0
71,47,2,2,6,2,14,2,7,19,2,2,1,3,9,6,2,4,12,1,7,0.894,24,43,0.388117470064688,0.388117470064688,0.15600887243859,1.20314024446017,0.15600887243859,0.182555023903313,255156168.251946,255156168.251946,6023708.3403888,703063956.529179,6023708.3403888,23627831.1448306,0.000177240457089411,0.000177240457089411,1.8243046680067e-05,5.26660795030607e-05,1.8243046680067e-05,7.68057680708039e-06,-1,-15,-1,-1,4,4,72.8231882633027,18.7064021717786,25.0048878082439,168.782992705646,63.229566540904,12006010.5568131,37.2290209379726,0.0130320674001852,275.9,78.0291010383258,16048460,0.0001426250928136,0.000105388518156957,48.17032,1.02251042145927e-07,1.14766961670099e-05,0.000616880866564085,"HSOTA_COMP_Pin_2",180,5,2,1,0
78,42,3,1,9,2,20,2,10,20,7,2,1,4,6,1,2,7,9,1,9,0.78,22,57,0.247032229741701,0.247032229741701,0.104023963133832,0.806941881459467,0.104023963133832,0.214071471478226,174254506.891959,174254506.891959,2020583.7703072,504271737.606591,2020583.7703072,8663922.12064438,0.000162731138753196,0.000162731138753196,2.82148836807593e-05,5.09532255778747e-05,2.82148836807593e-05,6.22497700174708e-06,-1,15,1,-1,15,7,91.0349970298866,25.8089443165805,38.1512467921911,257.52091584729,63.5747878478448,10868944.6937747,51.9037570894439,0.0114113854225687,249.6,77.7400510506308,16066670,9.35846508649857e-05,0.000113205737205769,55.70029,9.47468995412359e-08,1.53303590580189e-05,0.000599279730768121,"HSOTA_COMP_Pin_2",180,5,2,1,0
47,5,2,20,10,4,17,8,7,1,2,2,1,9,10,8,2,2,8,1,10,9.47,55,4,0.719324709075792,0.719324709075792,1.51870857489174,1.95532956649916,1.51870857489174,0.324176360957138,104180943.850826,104180943.850826,56621754.2277739,884928120.82114,56621754.2277739,199714546.350856,0.000684293533347111,0.000684293533347111,9.94856113125884e-06,0.000213049687606538,9.94856113125884e-06,5.213254034098e-05,7,-15,15,-15,-1,15,94.8973491354184,4.36318070774442,5.05375529491452,34.112848240673,73.3208631359503,20057375.007821,39.446165846632,0.0035841082515033,390.800000000002,77.5389327114712,23231920,0.00102154706502785,0.000104001125526232,45.30137,3.18207127530208e-08,4.55158806184963e-06,0.000277994392719805,"HSOTA_COMP_Pin_2",180,5,2,1,0
47,5,2,20,10,4,18,8,7,1,2,2,1,9,10,2,2,2,8,1,10,9.02,52,6,0.68236331702072,0.68236331702072,1.4817326703573,1.90754368753302,1.4817326703573,0.316093286884882,99753015.4154149,99753015.4154149,55547962.1952247,865204727.037349,55547962.1952247,194527816.62108,0.000691598433158176,0.000691598433158176,9.75525789567366e-06,0.000209025603087459,9.75525789567366e-06,5.07380888501336e-05,6,-15,15,-15,13,15,92.8299959086326,4.38703045216304,5.11826091563925,34.5482611805649,72.8214776829937,19262264.7171361,38.314488121336,0.00375987016822541,388.100000000002,77.6216417224099,22472900,0.000975717701791693,0.000101645618283184,46.31967,3.6257823958876e-08,4.90902193172493e-06,0.000302381913693139,"HSOTA_COMP_Pin_2",180,5,2,1,0
47,5,2,20,10,4,17,8,7,1,2,2,1,9,10,8,2,2,8,1,10,9.47,62,2,0.719324709075792,0.719324709075792,1.51870857489174,1.95532956649916,1.51870857489174,0.324176360957138,104180943.850826,104180943.850826,56621754.2277739,884928120.82114,56621754.2277739,199714546.350856,0.000684293533347111,0.000684293533347111,9.94856113125884e-06,0.000213049687606538,9.94856113125884e-06,5.213254034098e-05,7,-15,15,-15,4,15,94.8973491354184,4.36318077159198,5.05375529491452,34.112848240673,73.3208631359503,20057375.3013259,39.446165846632,0.00362167663048994,375.400000000002,77.5389327114712,23231920,0.00102154706502785,0.000104001125526232,45.30137,3.18207145088862e-08,4.55158806184963e-06,0.000277994392719805,"HSOTA_COMP_Pin_2",180,5,2,1,0
80,23,2,1,8,2,18,2,10,20,6,2,1,5,4,5,2,2,20,1,10,0.5,21,27,0.406044818107248,0.406044818107248,0.195819337543994,1.11668958076507,0.195819337543994,0.0573463364271296,278093450.398904,278093450.398904,3792414.30851269,651500919.939168,3792414.30851269,28713249.4057984,0.000242897339097418,0.000242897339097418,5.08793007400422e-05,8.25551649978651e-05,5.08793007400422e-05,6.62993341929758e-06,6,3,-15,-4,-12,15,89.9638123639482,18.6044342459717,29.6865137118546,200.383967555019,64.4773422244659,13588296.7295839,47.4657771452233,0.0101781095242316,341.900000000001,77.9676904332588,21682420,0.000162306547758468,0.000145997076178646,49.06743,7.32062967250201e-08,5.23852752349452e-06,0.000644007966164928,"HSOTA_COMP_Pin_2",180,5,2,1,0
43,5,2,1,10,2,20,2,10,1,2,2,1,10,10,1,2,2,9,1,3,8.3,93,15,0.853767403194704,0.853767403194704,1.82497592044793,1.80051114002381,1.82497592044793,0.572735207980458,527698327.796299,527698327.796299,31637668.9836636,832571021.315257,31637668.9836636,335058761.590319,0.000527429384331843,0.000527429384331843,7.90399324917778e-06,0.00022353519139612,7.90399324917778e-06,2.66533579466072e-05,-6,10,-15,-3,15,-4,99.4985546651057,5.09867667795271,4.97232852810698,33.5632175647221,75.3763191038606,22523679.7803681,21.3072757526625,0.00408265958300931,336.500000000001,77.5026612162432,21965530,0.000981678676559053,0.000114640448629111,48.58663,3.61896345246878e-08,3.72747651402383e-06,0.000227608883998975,"HSOTA_COMP_Pin_2",180,5,2,1,0
42,5,2,14,10,4,16,6,9,1,2,2,1,10,10,13,2,3,8,1,5,10,75,23,0.856083207998482,0.856083207998482,1.76085553692023,1.84505983769988,1.76085553692023,0.631251440770324,120752390.633692,120752390.633692,38098920.6274303,851603264.591355,38098920.6274303,157041522.947388,0.000563006947950797,0.000563006947950797,8.57860767278406e-06,0.000227879495094451,8.57860767278406e-06,3.00588353429562e-05,-6,-6,-15,15,9,-13,105.023530137161,4.45809861933819,4.42305853012748,29.8556450783605,74.9039647123208,20573172.5243618,36.2904946232481,0.00370975021918519,328.700000000001,77.4567906040414,20411470,0.00102550807124216,0.00010674850120216,47.78604,3.58406585012076e-08,3.78666102502034e-06,0.000223887678481915,"HSOTA_COMP_Pin_2",180,5,2,1,0
47,5,2,20,10,4,11,10,9,1,2,2,1,10,10,1,2,4,8,1,10,9.15,82,37,0.773169198919854,0.773169198919854,1.58781045611438,1.65114803266515,1.58781045611438,0.557943088926578,131024278.471921,131024278.471921,45871161.1634409,879010076.170929,45871161.1634409,86645498.4981021,0.000672586403015658,0.000672586403015658,9.88151769096168e-06,0.000237163920529172,9.88151769096168e-06,4.12805694030791e-05,15,-15,15,-15,4,15,103.258779377246,4.6315233908116,4.65932339450285,31.4504329128943,74.3561255198496,19469974.4858049,38.4447655734822,0.00375906298369889,313.900000000001,77.833937482806,19586840,0.000934176648104405,0.000105277041096138,46.74642,3.83370455925823e-08,4.23450644610135e-06,0.00025440029432211,"HSOTA_COMP_Pin_2",180,5,2,1,0
47,5,2,20,10,4,18,8,7,1,2,2,1,9,10,7,2,2,8,1,10,9.34,78,60,0.694149225201303,0.694149225201303,1.50809655927636,1.94160429422231,1.50809655927636,0.321861949811818,101110669.586686,101110669.586686,56314782.6845875,879380391.583039,56314782.6845875,198231020.644126,0.000701956504398331,0.000701956504398331,9.89329234022782e-06,0.000211916333828653,9.89329234022782e-06,5.17337514908407e-05,11,-15,-2,-15,-2,15,94.5018865996471,4.33594775443513,5.08020481032103,34.291382469667,73.377530243067,19676958.1460782,39.5979797464467,0.00375046857028203,303.600000000001,77.7620615667295,23054470,0.00100846634079538,0.000102081640817134,45.34652,3.20496017306977e-08,4.54502301806547e-06,0.000277912641807987,"HSOTA_COMP_Pin_2",180,5,2,1,0
42,5,2,20,10,4,18,10,7,1,2,2,1,9,10,2,2,2,8,1,10,9.11,61,60,0.613978288232865,0.613978288232865,1.48915106176748,1.91699380886335,1.48915106176748,0.317726237448094,90727673.1956284,90727673.1956284,55764342.482749,869582463.331647,55764342.482749,195576870.52972,0.000783351320496663,0.000783351320496663,9.79420417387421e-06,0.000209883386397306,9.79420417387421e-06,5.1020172549885e-05,11,-10,0,-15,13,10,94.447999058886,4.16105502161072,4.92519884243345,33.2450921864258,73.4452627686538,18455540.4951773,39.8371685740842,0.00391162143936073,299.7,78.1145687620428,21844750,0.000985622924919398,9.2053815653498e-05,47.3348,3.34251950096041e-08,4.37862328892535e-06,0.000275243693318217,"HSOTA_COMP_Pin_2",180,5,2,1,0
45,5,2,20,10,4,13,8,8,1,2,2,1,10,10,2,2,4,8,1,10,10,85,61,0.820920117761886,0.820920117761886,1.64092614338344,1.84055223308741,1.64092614338344,0.533995626652575,116361965.123846,116361965.123846,45830034.7996293,849784086.79965,45830034.7996293,73300284.3696628,0.000587510201233715,0.000587510201233715,9.18480455149651e-06,0.000227457681315981,9.18480455149651e-06,3.65458129470672e-05,15,-15,15,-15,4,15,106.63408985967,4.66745905977985,4.81728932425792,32.516702938741,73.8231647747737,21404571.1231266,38.2361085886103,0.00380809966618164,295.4,77.4163269532326,22091680,0.00101909225121712,0.000108484405195174,45.678,3.22522130907061e-08,4.40871500711371e-06,0.000254503108370052,"HSOTA_COMP_Pin_2",180,5,2,1,0
36,5,2,5,10,4,16,8,10,1,2,2,1,10,9,7,2,3,8,1,2,9.63,66,63,0.721795668496618,0.721795668496618,1.93711778286195,1.79682716699184,1.93711778286195,1.00023031612007,104687602.031226,104687602.031226,33077662.644892,831003927.26681,33077662.644892,228371658.657687,0.000646625292239204,0.000646625292239204,8.27293343907752e-06,0.000223172344303794,8.27293343907752e-06,1.77485433974968e-05,-4,-7,15,-12,12,-15,108.441092212901,4.18786535017937,4.48180296355756,30.2521700040135,76.8325692039458,18496723.2261003,32.1091887160046,0.00399978693552857,291.7,77.8700754219629,19794970,0.000981498351888831,9.41712948292742e-05,49.83659,3.28889163035941e-08,2.90018742795439e-06,0.000186403706945004,"HSOTA_COMP_Pin_2",180,5,2,1,0
48,5,2,1,10,2,20,2,8,1,2,2,1,10,10,3,2,2,8,1,2,9.16,70,1,0.857263010724502,0.857263010724502,1.50479262081607,1.6644629837559,1.50479262081607,0.787334594682464,620777713.829425,620777713.829425,55675806.484929,891741394.851236,55675806.484929,518636089.083598,0.000596670689048279,0.000596670689048279,1.06763506018971e-05,0.000239936134645854,1.06763506018971e-05,2.6373344184436e-05,-2,15,-15,-5,15,-7,95.3539049440083,5.88650969779496,5.61405206480027,37.8948514374018,72.1468697800032,25344534.0473388,22.2036033111745,0.00388339788329953,377.800000000001,76.0872054642751,24171460,0.000956784064977611,0.00012198773980943,45.58808,3.551277710418e-08,5.73940754694302e-06,0.000336039556219969,"HSOTA_COMP_Pin_2",180,5,2,1,0
48,5,2,1,10,2,20,2,8,1,2,2,1,10,10,3,2,2,8,1,2,9.16,71,1,0.857263010724502,0.857263010724502,1.50479262081607,1.6644629837559,1.50479262081607,0.787334594682464,620777713.829425,620777713.829425,55675806.484929,891741394.851236,55675806.484929,518636089.083598,0.000596670689048279,0.000596670689048279,1.06763506018971e-05,0.000239936134645854,1.06763506018971e-05,2.6373344184436e-05,-2,15,-15,-5,15,-7,95.3539049440083,5.88650969773164,5.61405206480027,37.8948514374018,72.1468697800032,25344534.0470662,22.2036033111745,0.0038833978829702,377.500000000001,76.0872054642751,24171460,0.000956784064977611,0.00012198773980943,45.58808,3.55127771039902e-08,5.73940754694302e-06,0.000336039556219969,"HSOTA_COMP_Pin_2",180,5,2,1,0
41,5,2,20,10,3,20,4,7,1,2,2,1,10,10,7,2,3,8,1,4,10,61,3,0.784028774256802,0.784028774256802,1.51941836623263,1.8418093900688,1.51941836623263,0.707171667577522,208531529.436463,208531529.436463,56642251.8694801,850762653.86568,56642251.8694801,173310051.341915,0.000609504921245693,0.000609504921245693,9.95225186191014e-06,0.000227633285427344,9.95225186191014e-06,2.66119459419307e-05,3,-15,7,11,5,-13,102.953755577495,5.34879634980898,5.4960109099319,37.0980736420403,71.7698954867254,24631352.9392122,33.7638860322683,0.00371237912616319,364.200000000001,76.2169712778647,25309280,0.00102333938862471,0.000108989495758707,45.10342,3.19064574213037e-08,5.48482650790882e-06,0.000321455676376203,"HSOTA_COMP_Pin_2",180,5,2,1,0
42,5,2,18,10,3,19,4,8,1,2,2,1,10,10,6,2,3,8,1,5,10,66,3,0.8063705851792,0.8063705851792,1.6449073690411,1.84491969702397,1.6449073690411,0.631251440770324,213312554.09617,213312554.09617,45915027.9670553,851833912.24061,45915027.9670553,157041522.947388,0.000592969433732235,0.000592969433732235,9.20226274279937e-06,0.000227901533301892,9.20226274279937e-06,3.00588353429562e-05,1,-2,-15,15,11,-13,104.935327108996,5.28631752196538,5.23994887325013,35.3696548944384,73.6072622741179,24400901.1872654,33.1511689085016,0.0036659125825999,362.500000000001,77.0983211016207,24186870,0.00102574664944511,0.000109368435777785,45.20102,3.4912094085582e-08,4.42752381104139e-06,0.000260290034507005,"HSOTA_COMP_Pin_2",180,5,2,1,0
35,5,2,1,10,2,18,3,8,1,2,2,1,9,9,1,2,2,9,1,2,9.47,100,27,0.767503256552247,0.767503256552247,1.81814614725674,2.03666313935835,1.81814614725674,0.767997686906936,491777264.124077,491777264.124077,49524353.1357372,916890082.155225,49524353.1357372,425342297.530907,0.00066091754220463,0.00066091754220463,9.94424396183349e-06,0.00021954272752238,9.94424396183349e-06,2.2749603326755e-05,-14,10,6,-15,15,-10,98.6809403936147,5.46127303875252,5.79000532083913,39.0825359156641,74.7011419862069,27267026.5160913,20.3960780543711,0.00407551140661135,325.3,75.9063083021729,28908320,0.00110951039854659,0.00010846281255632,46.74459,2.79692133676129e-08,3.2844252351194e-06,0.000240063697320103,"HSOTA_COMP_Pin_2",180,5,2,1,0
47,5,2,1,10,2,20,2,9,1,2,2,1,10,9,1,2,2,8,1,8,9.16,82,28,0.856679624939089,0.856679624939089,1.83229538782156,1.80590212666976,1.83229538782156,0.358258547492862,528896809.340537,528896809.340537,39255521.5730343,835153100.168712,39255521.5730343,220359585.803906,0.000528795604458091,0.000528795604458091,8.84562059368895e-06,0.000224103176335083,8.84562059368895e-06,4.61688581423651e-05,14,-1,-15,5,8,0,95.5865957213292,5.55686339156361,5.90382543640077,39.8508216957052,75.3524805440138,24663536.5291174,23.3238075793812,0.00398635026470832,323.7,76.8810771714351,26203490,0.000986309273623736,0.000124616922326642,45.18268,3.19635793519011e-08,4.08095620960891e-06,0.000249987906849825,"HSOTA_COMP_Pin_2",180,5,2,1,0
45,5,2,1,10,2,20,2,8,1,2,2,1,10,10,1,2,5,9,1,2,8.68,80,33,0.851427014897826,0.851427014897826,1.60172013853553,1.79692949822396,1.60172013853553,1.27974600100956,526730986.778299,526730986.778299,44987929.1607956,830884912.432439,44987929.1607956,98450808.6734654,0.000526328853970977,0.000526328853970977,9.01186704694527e-06,0.000223160485003757,9.01186704694527e-06,1.24539996654124e-05,-15,15,-15,-15,15,-15,100.562761275091,5.9777926611226,5.52282606324059,37.279075926874,72.0258567329808,26289607.9835742,22.2710574513201,0.00405732482719638,322.300000000001,76.3212182858615,24288720,0.000977306413696158,0.000120057974408356,45.78225,3.69332755654149e-08,5.35653945638481e-06,0.000315079308213839,"HSOTA_COMP_Pin_2",180,5,2,1,0
45,5,2,7,10,2,12,7,7,1,2,2,1,7,10,1,2,2,7,1,2,10,70,43,0.540638103340463,0.540638103340463,1.41953952825795,2.11095748252122,1.41953952825795,0.789961470047642,381686214.906789,381686214.906789,53714810.7158111,911189464.801653,53714810.7158111,435698508.7251,0.000783328930542584,0.000783328930542584,9.42544071053403e-06,0.000172378322992271,9.42544071053403e-06,2.33139837565246e-05,-1,2,10,-7,11,-14,101.94871654983,5.95817962266804,6.25761230824979,42.2388830806861,71.1930921519419,24499566.3305358,25.1793566240283,0.00401109604652339,315.5,77.1769133130898,25730810,0.000913760312418116,0.000100863530069238,45.60887,3.34211068482083e-08,4.49882681788472e-06,0.00032051313351289,"HSOTA_COMP_Pin_2",180,5,2,1,0
38,5,2,5,10,2,20,4,7,1,2,2,1,8,9,2,2,3,7,1,2,10,61,37,0.551292610631887,0.551292610631887,1.49303719253949,1.93453220724048,1.49303719253949,1.02019826943408,384094035.652515,384094035.652515,55877502.5967565,858524926.166988,55877502.5967565,232096076.295156,0.000750313597609868,0.000750313597609868,9.81457313997867e-06,0.000185847217644925,9.81457313997867e-06,1.80443673118357e-05,-15,1,15,-15,10,-11,103.22978070449,6.71764870847323,6.61327410313315,44.6396001961487,70.9116405000842,27002975.2653375,24.1453929352993,0.00413574762278498,315,76.0514657609883,26583420,0.000893268080914403,0.0001002787398751,47.64148,3.12603700510948e-08,5.07826345708562e-06,0.000359179917437835,"HSOTA_COMP_Pin_2",180,5,2,1,0
42,5,2,18,10,2,19,2,8,1,2,2,1,10,10,7,2,3,8,1,5,10,82,47,0.898348931360977,0.898348931360977,1.64492026495096,1.84498467723961,1.64492026495096,0.631251440770324,547463688.061425,547463688.061425,45915303.1209318,851609066.53431,45915303.1209318,157041522.947388,0.000521479325758456,0.000521479325758456,9.2023192624284e-06,0.000227876896897914,9.2023192624284e-06,3.00588353429562e-05,-15,-2,-15,15,15,-15,99.2454955667384,5.84010188297422,5.30589307013954,35.8147782234419,72.4001191966852,26945040.6626896,31.0966236109324,0.00379567708991602,306.500000000001,75.8923677030893,24480310,0.00102528807440626,0.000120077604546233,46.76892,3.27761871752046e-08,5.06771990764543e-06,0.000300811471701135,"HSOTA_COMP_Pin_2",180,5,2,1,0
41,5,2,12,10,2,16,3,8,1,2,2,1,10,10,1,2,3,8,1,3,10,63,37,0.780385008716332,0.780385008716332,1.63897117878213,1.83830440580704,1.63897117878213,0.820394331549077,501592711.955456,501592711.955456,45788264.4334256,849029296.710074,45788264.4334256,196017835.933874,0.000597384921436896,0.000597384921436896,9.1762248740258e-06,0.000227265903647494,9.1762248740258e-06,2.26503650643e-05,1,-2,-11,3,12,-13,100.091982488163,5.86104423842829,5.68673761337613,38.3854788902889,73.3402490864182,26904619.5733186,26.343879744639,0.0040481072043163,306.4,76.9465289606422,26104480,0.00102009200176753,0.000111192762481522,45.12429,3.39537019709976e-08,4.49257871926623e-06,0.000268341032691133,"HSOTA_COMP_Pin_2",180,5,2,1,0
29,5,2,1,10,2,18,4,9,1,2,2,1,10,8,1,2,3,8,1,2,9.25,100,62,0.600174824737349,0.600174824737349,1.91234302206835,1.75851704730716,1.91234302206835,0.979372197397558,411234839.816345,411234839.816345,40525888.5923661,814527633.129475,40525888.5923661,224447678.421854,0.000726424574259772,0.000726424574259772,9.13908156551026e-06,0.000219334051129101,9.13908156551026e-06,1.74369769225475e-05,15,-10,5,-15,15,-15,104.070011988623,5.79524004303495,6.29233371036437,42.4732525449595,75.2510355386663,24679514.9930773,20.8806130178211,0.0044026854975667,304.3,76.2988089705309,26796430,0.000946351941317715,9.49881808405734e-05,49.82461,3.00725752932281e-08,3.3635946488042e-06,0.000235370464856999,"HSOTA_COMP_Pin_2",180,5,2,1,0
53,5,2,3,10,2,16,3,8,1,2,2,1,6,10,5,2,3,9,1,2,9.9,59,57,0.825295505579636,0.825295505579636,1.7239605948851,2.60252391054253,1.7239605948851,1.01483362437724,519655724.48063,519655724.48063,47583315.7957974,1063307031.33005,47583315.7957974,231098513.687114,0.000622878934612474,0.000622878934612474,9.54507516367223e-06,0.000170052098138326,9.54507516367223e-06,1.79651229967699e-05,-3,1,2,14,6,-10,95.9800915787637,5.22090605012835,5.16929538645137,34.8927438585467,73.7993531556558,26432050.9867893,25.0599281722833,0.00424295987971899,293.4,76.1217942556708,26170760,0.00112505167719519,0.000126312341808339,45.09379,3.20563393066083e-08,2.70260086407959e-06,0.000258829024550877,"HSOTA_COMP_Pin_2",180,5,2,1,0
80,47,4,1,6,2,6,2,10,18,6,2,1,4,5,6,2,4,15,1,2,0.78,12,56,0.613605295362877,0.613605295362877,0.273027800236083,1.05712578045897,0.273027800236083,0.327085482256471,382217442.334177,382217442.334177,5383287.03933964,637630685.131911,5383287.03933964,42938243.8622426,0.000116865361528238,0.000116865361528238,6.74988217800488e-05,6.3793998494056e-05,6.74988217800488e-05,4.25221515637485e-06,-2,-14,-3,-15,7,4,72.5352111880985,39.5943468341583,45.5885046231264,307.722406206103,61.3949911643658,29985072.8299384,44.1701256507156,0.0150207292840555,-17.304342,76.2705923473132,34524490,0.000168290426551893,0.000209974109062209,37.13439,3.2347927426875e-08,7.32829897318377e-06,0.000664415175040123,"HSOTA_COMP_Pin_2",180,5,2,1,0
80,47,4,1,6,2,6,2,10,18,6,2,1,4,5,5,2,4,15,1,5,0.78,11,42,0.624186117099127,0.624186117099127,0.277143116260984,1.07365148842273,0.277143116260984,0.201666888114007,383721750.866519,383721750.866519,5471723.84909576,646203726.53227,5471723.84909576,25932551.8051909,0.000118177149257117,0.000118177149257117,6.86955834505995e-05,6.46120156718529e-05,6.86955834505995e-05,6.12052650451626e-06,-2,-12,-3,-15,7,4,68.5716469574993,39.4639497829735,45.816729579404,309.262924660977,61.4761154787609,30256556.742139,46.0543157586778,0.0156757081120794,-18.16782,76.3159366494599,35127160,0.000170375223793027,0.000217134863406378,36.7419,3.1991985665282e-08,6.48021000930976e-06,0.000660168668570993,"HSOTA_COMP_Pin_2",180,5,2,1,0
35,5,2,2,10,2,7,10,4,1,2,2,1,9,9,1,2,2,8,1,2,10,67,1,0.63732259221563,0.63732259221563,1.16620404110897,1.96645606327734,1.16620404110897,0.789961470047642,435230574.138126,435230574.138126,143682005.924339,890437854.729441,143682005.924339,435698508.7251,0.000752370886290843,0.000752370886290843,1.46683000552796e-05,0.000214068356511542,1.46683000552796e-05,2.33139837565246e-05,2,-4,15,10,15,-9,92.5820808294993,6.45710187415383,7.6441039399798,51.5977015948637,66.3588322118737,30334501.3659101,21.3541565040626,0.00367866617714356,378.100000000001,71.9638560799816,35910860,0.00104396684997617,0.000107857304843928,46.68278,2.67378812449049e-08,9.82892436961036e-06,0.000648448028262028,"HSOTA_COMP_Pin_2",180,5,2,1,0
30,5,2,1,10,2,14,4,5,1,2,2,1,9,7,1,2,3,8,1,2,10,100,33,0.713696180665349,0.713696180665349,1.5237528069186,1.94504989739165,1.5237528069186,1.02019826943408,471163462.741141,471163462.741141,112777594.236577,879836228.341406,112777594.236577,232096076.295156,0.000652991104759423,0.000652991104759423,1.43125647071915e-05,0.00021209927019182,1.43125647071915e-05,1.80443673118357e-05,-10,14,15,-15,15,0,92.5931436554196,8.52370941824043,7.92824952245273,53.5156842765559,67.7191702393607,39272056.1519674,19.9248588451713,0.00369954726524219,322.800000000001,70.4037470333901,36528540,0.0010238645126323,0.000119090483943192,49.39174,2.38064407868802e-08,8.44420458220973e-06,0.000583286659577187,"HSOTA_COMP_Pin_2",180,5,2,1,0
35,5,2,2,10,2,7,9,3,1,2,2,1,10,9,2,2,2,8,1,2,9.86,66,39,0.669047999640734,0.669047999640734,0.973939284069131,1.83897563537461,0.973939284069131,0.784210825542606,452615424.831943,452615424.831943,223419889.865124,852799871.497768,223419889.865124,432998853.215602,0.000705001724662402,0.000705001724662402,1.73553885945254e-05,0.000227750768504826,1.73553885945254e-05,2.31668365243376e-05,2,15,15,4,15,-8,90.631133254242,6.51831945460134,8.04221337370279,54.2849402724938,63.537573938941,30229983.4174812,21.4476105895272,0.00380624627732656,312.000000000001,69.8087216238666,37297340,0.00103059908916116,0.000112014881333614,48.70319,2.77542941739064e-08,1.55620314730154e-05,0.00099149474734217,"HSOTA_COMP_Pin_2",180,5,2,1,0
30,5,2,1,10,2,14,4,2,1,2,2,1,10,7,1,2,2,9,1,3,10,100,51,0.77528634048984,0.77528634048984,0.930851686228979,1.97961052439121,0.930851686228979,0.63040914311357,496258168.818739,496258168.818739,499391159.530887,912747121.900108,499391159.530887,365472945.457936,0.000694789991241628,0.000694789991241628,2.67903112483614e-05,0.000240790090033719,2.67903112483614e-05,2.91150376143207e-05,0,14,15,2,15,4,80.2989380234915,8.07974008359138,9.48853730960522,64.0476268398353,60.536361879232,43056078.8464732,19.9749843554382,0.00361741562075503,310.650000000001,64.7353287995132,50563410,0.00118419867748835,0.000126772114539648,49.32495,2.05122342682835e-08,1.95985613010352e-05,0.00155462557430397,"HSOTA_COMP_Pin_2",180,5,2,1,0
80,47,8,1,5,4,3,2,10,20,6,2,1,3,2,1,2,4,12,1,6,0.78,15,46,1.22247869957966,1.22247869957966,0.649635700326588,1.13654928866583,0.649635700326588,0.183282072286677,158871219.93292,158871219.93292,13378217.2918026,621967183.187131,13378217.2918026,23617353.63582,4.70477165385208e-05,4.70477165385208e-05,0.000194341111446013,4.88082982559623e-05,0.000194341111446013,6.59726149653831e-06,-1,-15,-10,15,15,-12,81.3525543569112,47.4554890320292,35.3149964740784,238.376226200029,52.5997362489169,51465338.5375996,46.8721665810319,0.0150477491978399,309.000000000001,56.5615918111349,38299010,0.000240999347610248,0.000522434011494545,49.5545,1.90333311286838e-08,4.25734273653111e-05,0.00255728367683083,"HSOTA_COMP_Pin_2",180,5,2,1,0
43,5,2,20,6,2,5,10,10,1,10,2,1,4,2,4,2,2,8,1,2,9.78,30,43,0.751426616976546,0.751426616976546,2.76882189836917,3.10043752871724,2.76882189836917,0.780908533808159,496652779.815266,496652779.815266,42439889.2459329,1071829549.0884,42439889.2459329,431444807.228281,0.000616242006024171,0.000616242006024171,5.32450521265422e-05,0.000118999806419207,5.32450521265422e-05,2.30821396366274e-05,-11,-5,-13,14,-3,-9,99.2152878938256,19.3237276199288,12.1325887170423,81.8949738400357,59.7227876872677,100876829.315344,27.1293199325011,0.00800692831291144,308.3,56.1482919901492,63336490,0.00116008016786929,0.000232714750833898,52.07526,8.60463728986505e-09,6.48545771574582e-06,0.000907890084123952,"HSOTA_COMP_Pin_2",180,5,2,1,0
80,47,9,1,6,4,6,2,10,18,6,2,1,4,2,5,2,4,20,1,5,0.78,10,39,1.16713113845725,1.16713113845725,0.831662446886162,1.25083837658488,0.831662446886162,0.201666888114007,90669421.3380544,90669421.3380544,16747399.8968236,717369716.113469,16747399.8968236,25932551.8051909,6.44258635552951e-05,6.44258635552951e-05,0.00022059235342227,7.21790911500066e-05,0.00022059235342227,6.12052650451626e-06,-1,-15,-3,-13,-8,4,37.2160242284153,58.9586725525585,26.4611233354145,178.612582514048,51.9894474326258,99640739.4090397,47.3814309619285,0.0161841271157744,-21.288432,53.3495633851365,44719560,0.000375557752179773,0.000704455723645999,35.32344,2.70320950090421e-08,2.50014218733452e-05,0.00216185453932694,"HSOTA_COMP_Pin_2",180,5,2,1,0
33,5,2,1,10,2,14,4,5,1,2,2,1,10,8,1,2,4,8,1,2,10,100,8,0.709827995735337,0.709827995735337,1.40205156451073,1.82336500889604,1.40205156451073,1.21158093163909,469452480.11807,469452480.11807,105772074.43767,843532573.258374,105772074.43767,148133375.09621,0.000650263533154536,0.000650263533154536,1.34031156146761e-05,0.000225928559031923,1.34031156146761e-05,1.51334527634931e-05,-15,14,15,-15,15,-13,92.8620138638778,7.59793633683573,7.68175439875767,51.8518421916143,67.7965099261793,34570489.1550481,20.7846096908265,0.0036062933731731,342.250000000001,71.8723218806075,34951860,0.0010111075669454,0.000115599737257241,46.58055,2.52674993039717e-08,9.18946001519538e-06,0.000572084572200815,"HSOTA_COMP_Pin_2",180,5,2,1,0
51,5,2,1,10,2,19,4,4,1,2,2,1,5,10,1,2,4,9,1,3,9.84,61,16,0.640828778050566,0.640828778050566,1.13760028834765,2.87799220343831,1.13760028834765,0.967877044603871,428539567.888196,428539567.888196,140837982.774867,1126241520.23993,140837982.774867,124537943.74107,0.00080636841869935,0.00080636841869935,1.43712677328676e-05,0.000150292313274926,1.43712677328676e-05,1.88979647585724e-05,-3,15,7,-3,13,-15,87.536193071333,5.22935164742194,6.41119510002171,43.2755669251466,65.9476503179067,26157871.1887265,24.454038521275,0.0037639426640606,338.800000000001,71.8949426932975,32069600,0.0011115833579536,0.000117513012004303,45.26709,3.35264623146925e-08,5.98597091778563e-06,0.000630768035922991,"HSOTA_COMP_Pin_2",180,5,2,1,0
44,5,2,1,10,2,20,2,3,1,2,2,1,10,10,1,2,2,9,1,3,9.27,100,11,0.905568817268192,0.905568817268192,0.949684881300351,1.9050587408779,0.949684881300351,0.606242893261891,548086700.842719,548086700.842719,218802209.633086,879784263.63388,218802209.633086,352867035.115781,0.000551185414131723,0.000551185414131723,1.69889239907759e-05,0.000233848562469537,1.69889239907759e-05,2.80942959840075e-05,-1,15,-15,9,15,-5,87.9620362700862,5.71382202845177,6.9001692992128,46.5761427696864,62.6939162042818,28062938.7979031,21.095023109729,0.0034736523076181,336.300000000001,69.0604926643545,33889580,0.0010914250725177,0.0001306632319308,48.35841,3.17248526418849e-08,1.72055486490796e-05,0.00105409035342419,"HSOTA_COMP_Pin_2",180,5,2,1,0
59,5,2,11,10,2,20,2,4,1,2,2,1,6,10,1,2,2,9,1,2,9.93,57,17,0.934770338597874,0.934770338597874,1.15595602324023,2.62655910990235,1.15595602324023,0.787090625848655,558594670.045102,558594670.045102,142666495.189693,1074883571.22707,142666495.189693,434351824.528923,0.000564039867762331,0.000564039867762331,1.45622247743595e-05,0.000171326371631235,1.45622247743595e-05,2.3240579329835e-05,-15,-7,15,15,11,-11,87.193253784595,5.58574543050103,6.02647039640221,40.6786751757149,64.9284000984754,28951005.6320917,26.3818119165458,0.00371070146611639,335.800000000001,70.4523531166332,31235290,0.00115178124158702,0.00014836124777429,46.65785,3.29024966416172e-08,8.37565787717987e-06,0.000727275053050924,"HSOTA_COMP_Pin_2",180,5,2,1,0
29,5,2,1,10,2,18,4,6,1,2,2,1,10,8,1,2,2,8,1,2,9.25,100,17,0.608664591393593,0.608664591393593,1.52698505914078,1.78009171920327,1.52698505914078,0.758721113526086,415400371.452837,415400371.452837,77826518.9468653,825404513.639592,77826518.9468653,420930995.968105,0.000734742583251621,0.000734742583251621,1.17761912141464e-05,0.000221724919563592,1.17761912141464e-05,2.25092799625053e-05,2,-10,5,-15,15,-12,97.2198705137326,7.39626466256003,7.29293121960338,49.2272857323228,70.2399910058759,32344992.898798,20.3469899493758,0.00385132114156498,332.600000000001,73.7211722634588,31893100,0.000971811654620404,0.000100968402747628,48.38948,2.68360482219478e-08,6.80745521576487e-06,0.000439254163643987,"HSOTA_COMP_Pin_2",180,5,2,1,0
62,5,2,1,10,2,20,2,3,1,2,2,1,7,10,10,2,3,8,1,5,10,53,23,0.875122182891418,0.875122182891418,0.917055621578576,2.2587230277961,0.917055621578576,0.631251440770324,536348245.59096,536348245.59096,212512942.875944,967008101.86906,212512942.875944,157041522.947388,0.0005373641795922,0.0005373641795922,1.64900650882308e-05,0.000181353731643409,1.64900650882308e-05,3.00588353429562e-05,-15,-10,-2,-3,9,-14,87.7222126047185,5.68993381249802,6.79811733562774,45.8872920154873,61.9164151622867,26200822.4908842,27.8388218141501,0.00339812123249071,329.800000000001,68.8908258980009,31303750,0.00102328167424114,0.000148253285335091,48.56693,3.08630895932689e-08,1.53914127565291e-05,0.00109123348911888,"HSOTA_COMP_Pin_2",180,5,2,1,0
29,5,2,1,10,2,18,4,5,1,2,2,1,9,9,2,2,2,9,1,2,9.7,68,22,0.665108794910019,0.665108794910019,1.39291313531463,2.06128590025147,1.39291313531463,0.777594269429867,441028098.294482,441028098.294482,105235063.794143,928145847.565428,105235063.794143,429882341.012302,0.000787920577606443,0.000787920577606443,1.3333450938886e-05,0.00022161387324217,1.3333450938886e-05,2.29969896398812e-05,3,-13,-9,-15,11,-14,90.8891251985929,6.00341116110139,6.68777604781408,45.1424883227451,68.7183071270139,30695935.9431055,20.8326666559997,0.00394533019885708,329.300000000001,72.5028933948022,34195150,0.00113624053315989,0.000100231556178776,48.13201,2.77241109296832e-08,6.60239709343813e-06,0.000480659056487198,"HSOTA_COMP_Pin_2",180,5,2,1,0
28,5,2,1,10,2,18,4,6,1,2,2,1,10,8,1,2,2,8,1,2,9.25,100,25,0.608672601086778,0.608672601086778,1.52698509900357,1.78006281700725,1.52698509900357,0.758721113526086,415404267.035919,415404267.035919,77826520.5094707,825401929.676663,77826520.5094707,420930995.968105,0.000734750392984062,0.000734750392984062,1.17761914563272e-05,0.000221723381361227,1.17761914563272e-05,2.25092799625053e-05,2,-10,4,-15,15,-12,97.2819614471446,7.36125462677983,7.16438349753732,48.3595886083769,70.0181683771381,32191887.4269698,20.2237484161567,0.00389521811660541,328.250000000001,73.5101593754165,31330940,0.00097181161693876,9.98019652592518e-05,49.30242,2.70767031538026e-08,6.8863800765584e-06,0.000447949320632191,"HSOTA_COMP_Pin_2",180,5,2,1,0
51,5,2,20,10,2,17,4,4,1,2,2,1,5,10,1,2,4,9,1,6,10,63,25,0.687699512964563,0.687699512964563,1.15155081254173,2.91527447757428,1.15155081254173,0.687154626534885,452804616.435319,452804616.435319,142228794.444152,1137907667.16931,142228794.444152,92854871.6373838,0.000765182574498374,0.000765182574498374,1.45165096163676e-05,0.000151581274427946,1.45165096163676e-05,2.79770690457171e-05,-3,15,-7,15,7,-15,86.5985357090244,5.27134328329958,6.28151531034925,42.4002283448575,65.6851963663037,26918284.0480272,32.7108544675922,0.00354289958964582,324.400000000001,71.4060942613163,32076760,0.0011347849263608,0.000123340256173321,45.90986,3.33777993386929e-08,6.40110058535592e-06,0.000660045310469037,"HSOTA_COMP_Pin_2",180,5,2,1,0
28,5,2,5,10,2,8,9,6,1,2,2,1,10,9,2,2,2,8,1,2,10,60,25,0.628212811399887,0.628212811399887,1.48474289225458,1.8538580171902,1.48474289225458,0.789961470047642,429812486.543574,429812486.543574,76160062.6495273,857377537.53192,76160062.6495273,435698508.7251,0.000763785598509472,0.000763785598509472,1.15179725401051e-05,0.000228964901159325,1.15179725401051e-05,2.33139837565246e-05,-15,1,15,1,15,-15,97.8425105110246,6.38888630021533,6.53135734959471,44.0866621097643,70.302704669092,30041587.8347403,22.561028345357,0.00410748532418242,324.3,74.252758365683,30711510,0.00104492521763849,9.54624379798747e-05,48.49775,2.84618549697762e-08,6.11116359799935e-06,0.000392846701037008,"HSOTA_COMP_Pin_2",180,5,2,1,0
38,5,2,5,10,2,18,4,7,1,2,2,1,9,8,1,2,2,7,1,2,10,56,23,0.634214896441361,0.634214896441361,1.52220408415127,1.71854081552557,1.52220408415127,0.817881185285722,480214324.685638,480214324.685638,73797186.6751002,900187443.350007,73797186.6751002,538535204.170391,0.000817627229732993,0.000817627229732993,1.24265895864618e-05,0.000218941990077114,1.24265895864618e-05,2.74151356137484e-05,-15,1,15,-15,15,-15,97.7376518419885,7.31175855362731,7.46896560786908,50.4155178531163,72.492068899027,30254158.0361142,23.1300670124408,0.00416670536605503,322.200000000001,75.549710921078,30904640,0.00091949784459339,0.000107855396802475,45.21613,2.73182126757105e-08,5.08994564317966e-06,0.000343919538765114,"HSOTA_COMP_Pin_2",180,5,2,1,0
34,5,2,8,10,2,15,4,3,1,2,2,1,9,10,1,2,2,9,1,8,10,72,30,0.758570935144145,0.758570935144145,0.997914221852995,2.12924996501657,0.997914221852995,0.37481654233302,486318730.137094,486318730.137094,227937641.351215,956888654.40733,227937641.351215,230739048.751619,0.000730309846655811,0.000730309846655811,1.77140766354752e-05,0.000227022558298178,1.77140766354752e-05,4.83981613980065e-05,-12,15,-15,12,11,-15,83.8311889054816,5.3292525219299,6.61073478752891,44.6224598158201,63.8768348256619,28742019.0625057,25.7487863791675,0.00356114683436511,321.400000000001,69.4923662079149,35653380,0.00119850116333209,0.000110246132528113,49.45464,3.07641266028243e-08,1.12346206135916e-05,0.000880223422365933,"HSOTA_COMP_Pin_2",180,5,2,1,0
45,5,2,20,10,3,20,3,4,1,2,2,1,10,10,1,2,5,10,1,3,8.97,71,42,0.958707414374857,0.958707414374857,1.15024082683275,1.94055278909624,1.15024082683275,1.05038547840919,243681507.25292,243681507.25292,142098497.875001,892414803.543793,142098497.875001,84524707.8373948,0.000538452482831322,0.000538452482831322,1.45029015145042e-05,0.000236868647305462,1.45029015145042e-05,1.58862403894241e-05,6,13,6,-15,2,-12,90.2514909500642,5.47071773016703,6.14724456932561,41.4939008429478,65.4519892833394,27637897.2708108,32.0624390837628,0.00350935457844298,319.500000000001,71.2031559426372,31055690,0.00112265981394027,0.00012924499905442,45.22419,3.08010431208981e-08,1.15622110087443e-05,0.000687134372030052,"HSOTA_COMP_Pin_2",180,5,2,1,0
45,5,2,1,10,2,20,2,3,1,2,2,1,10,10,1,2,5,9,1,4,9.03,100,46,0.872981156712798,0.872981156712798,0.917924404515545,1.83985529827731,0.917924404515545,0.910566924959309,535495770.479774,535495770.479774,212681570.298942,851783206.773738,212681570.298942,74931706.4804444,0.000536376905042835,0.000536376905042835,1.65034363793909e-05,0.000227669871472274,1.65034363793909e-05,1.87362171962228e-05,-10,15,-15,-15,15,-4,86.4342770609186,5.89138898106591,6.92366062080141,46.7347091904095,61.8720922754921,27058551.2057995,24,0.00344624489446098,314.950000000001,68.887891802699,31799670,0.00102064409571181,0.000130900564466911,49.16301,3.2393869492999e-08,1.94791193912258e-05,0.00117211191024191,"HSOTA_COMP_Pin_2",180,5,2,1,0
41,5,2,17,10,2,14,3,5,1,2,2,1,8,9,4,2,5,9,1,4,9.66,76,58,0.869776347189107,0.869776347189107,1.36914741785322,2.16966985323207,1.36914741785322,0.942850075810496,542803050.342384,542803050.342384,103831071.420563,950611960.109274,103831071.420563,77157429.2840591,0.00056929270344938,0.00056929270344938,1.31513501657402e-05,0.000202789842897397,1.31513501657402e-05,1.93086167961871e-05,2,-8,-3,4,-1,-13,89.2256355346347,6.4770003228721,6.36376671713969,42.9554253406929,66.8701206437257,31833455.6737965,30.5286750449475,0.00359889119387187,303.400000000001,71.1804556094367,31276930,0.0010921878814585,0.000130792236280016,48.08695,2.85785108106065e-08,8.22661215684528e-06,0.000572411539403017,"HSOTA_COMP_Pin_2",180,5,2,1,0
30,5,2,3,10,2,20,2,7,1,2,2,1,10,7,4,2,2,8,1,4,10,70,63,0.887373033361831,0.887373033361831,1.90361305777894,1.86962358377303,1.90361305777894,0.540114902221226,541159728.484856,541159728.484856,67151700.2138772,862674910.558989,67151700.2138772,321941693.895122,0.000542974964609759,0.000542974964609759,1.18479570725877e-05,0.000230299161729239,1.18479570725877e-05,3.4071256578202e-05,-3,10,-2,-1,3,-15,97.2312932972876,6.77528326629437,6.65160826237819,44.8983557710528,71.6805784334278,32384593.509683,21.6564078277077,0.00403078806180024,300.6,71.7669806479008,31793450,0.00106218087903226,0.000125931067739609,51.2875,2.42645925932087e-08,5.2723788461706e-06,0.000363692407037153,"HSOTA_COMP_Pin_2",180,5,2,1,0
45,5,2,2,10,2,19,5,5,1,2,2,1,6,8,1,2,5,7,1,2,10,51,47,0.49810031888675,0.49810031888675,1.29767346775727,2.26257433021788,1.29767346775727,1.37987844936508,354386128.849962,354386128.849962,99542482.4473883,945188826.464232,99542482.4473883,104466356.317863,0.000818723697748069,0.000818723697748069,1.25954310807398e-05,0.00015379066269869,1.25954310807398e-05,1.32337417057742e-05,0,2,2,-15,15,-14,95.9868196748507,7.65128467899977,8.15563946421867,55.0505663834761,67.6275342670723,30335363.7910181,24.2487113059643,0.00432355701344069,298.1,73.2401699936497,32335000,0.000881053605554883,0.000112537798906659,45.50815,2.86824232705149e-08,6.80409665788639e-06,0.000531166055126153,"HSOTA_COMP_Pin_2",180,5,2,1,0
